"row","product_name","price","shop","link","image_url","sheet_name","commission","category_level_1"
"1736240213955610342","QUAFFLY - Estilo Ángel Pestañas Postizas Autoadhesivas Marrón Kit Completo con Pinzas | Sin Pegamento, Aplicación en 3 Segundo | Efecto Natural y Volumen Ligero | Fácil de Usar para Principiantes","MX$189.00","QUAFFLY","https://affiliate.tiktok.com/api/v1/share/ALSBM8Uj2WAa","https://p16-oec-sg.ibyteimg.com/tos-alisg-i-aphluv4xwc-sg/0705ded95cb6458b84bca51e7f316713~tplv-aphluv4xwc-resize-jpeg:600:600.jpeg?dr=15584&from=520841845&idc=my&ps=933b5bde&shcp=9f007bb8&shp=1f0b6a75&t=555f072d","QUAFFLY","8.00%","美妆个护"
"1734530938581976806","1278 Clusters de Pestañas DIY｜8 Estilos + Pegamento + Removedor + Pinza + Cepillos + Cinta","MX$350.00","QUAFFLY","https://affiliate.tiktok.com/api/v1/share/ALSBINZrlpYE","https://p16-oec-sg.ibyteimg.com/tos-alisg-i-aphluv4xwc-sg/814b1e864ad5458fa294ac5978ab8f66~tplv-aphluv4xwc-resize-jpeg:600:600.jpeg?dr=15584&from=520841845&idc=my&ps=933b5bde&shcp=9f007bb8&shp=1f0b6a75&t=555f072d","QUAFFLY","8.00%","美妆个护"
"1734533248667125478","Quaffly Kit Completo de Pestañas en Racimo 1372 Clusters, Bond&Seal, Removedor y Pinza","MX$379.00","QUAFFLY","https://affiliate.tiktok.com/api/v1/share/ALSBM8UjJUOo","https://p16-oec-sg.ibyteimg.com/tos-alisg-i-aphluv4xwc-sg/0db9339d322e4b948f125976b9c4f274~tplv-aphluv4xwc-resize-jpeg:600:600.jpeg?dr=15584&from=520841845&idc=my&ps=933b5bde&shcp=9f007bb8&shp=1f0b6a75&t=555f072d","QUAFFLY","8.00%","美妆个护"
"1734691274911418086","Quaffly DIY Kit Extensiones Pestañas, 496 Clústeres D Rizo, Natural · Volumen · Manga, Con Bond&Seal Profesional,Cepillo para pestañas, pinzas","MX$199.00","QUAFFLY","https://affiliate.tiktok.com/api/v1/share/ALSBINZs2jwg","https://p16-oec-sg.ibyteimg.com/tos-alisg-i-aphluv4xwc-sg/a3a38b3963664478bb0f210e2a3f97d5~tplv-aphluv4xwc-resize-jpeg:600:600.jpeg?dr=15584&from=520841845&idc=my&ps=933b5bde&shcp=9f007bb8&shp=1f0b6a75&t=555f072d","QUAFFLY","8.00%","美妆个护"
"1734805589821196006","Quaffly Kit de Extensiones de Pestañas Premium | Look Elegante de Efecto Salón | Incluye 4 Bandejas, Bond&Seal, Removedor y Pinza","MX$299.00","QUAFFLY","https://affiliate.tiktok.com/api/v1/share/ALSBM8UjaZde","https://p16-oec-sg.ibyteimg.com/tos-alisg-i-aphluv4xwc-sg/983e4744f7cc454aa345007c4d72ff44~tplv-aphluv4xwc-resize-jpeg:600:600.jpeg?dr=15584&from=520841845&idc=my&ps=933b5bde&shcp=9f007bb8&shp=1f0b6a75&t=555f072d","QUAFFLY","8.00%","美妆个护"
"1734842214705825510","Quaffly - pestañas postizas autoadhesivas en 4 estilos, Estilo natural | Estilo voluminoso | Estilo Fairy Manga | Estilo divertido, sin pegamento, resistentes al agua y reutilizables, para principiantes","MX$299.00","QUAFFLY","https://affiliate.tiktok.com/api/v1/share/ALSBINZsJizj","https://p16-oec-sg.ibyteimg.com/tos-alisg-i-aphluv4xwc-sg/84101790452f442bb91c7ae4dd872ce7~tplv-aphluv4xwc-resize-jpeg:600:600.jpeg?dr=15584&from=520841845&idc=my&ps=933b5bde&shcp=9f007bb8&shp=1f0b6a75&t=555f072d","QUAFFLY","8.00%","美妆个护"
"1735169615442183910","Kit de Extensiones de Pestañas DIY – 1274 Clústeres de Pestañas | Estilo Natural, Wispy y Volumen | Incluye Bond & Seal + Removedor | Pinza Aplicadora y Rizador de Pestañas | Efecto Profesional en Casa","MX$299.00","QUAFFLY","https://affiliate.tiktok.com/api/v1/share/ALSBM8UjrW0J","https://p16-oec-sg.ibyteimg.com/tos-alisg-i-aphluv4xwc-sg/3d3d6e3095ce4df0859c47cc1c16b38f~tplv-aphluv4xwc-resize-jpeg:600:600.jpeg?dr=15584&from=520841845&idc=my&ps=933b5bde&shcp=9f007bb8&shp=1f0b6a75&t=555f072d","QUAFFLY","8.00%","美妆个护"
"1735768227808052966","Quaffly Pestañas Postizas Autoadhesivas Marrones -On 8-16 mm | Efecto Natural y Ligero | Sin Pegamento | Fácil Aplicación para Principiantes | DIY Extensión de Pestañas en Casa","MX$189.00","QUAFFLY","https://affiliate.tiktok.com/api/v1/share/ALSBM8czse3N","https://p16-oec-sg.ibyteimg.com/tos-alisg-i-aphluv4xwc-sg/4abdbd376ab14ca7995b215f9dc67f36~tplv-aphluv4xwc-resize-jpeg:600:600.jpeg?dr=15584&from=520841845&idc=my&ps=933b5bde&shcp=9f007bb8&shp=1f0b6a75&t=555f072d","QUAFFLY","8.00%","美妆个护"
"1735927280789522150","QUAFFLY - Fairy Extensiones Pestañas, Kit De Racimos De Pestañas Mixto | Pestañas postizas de estilo manga de 10-18 mm | Set de pestañas postizas para principiantes que incluye Bond&Seal, Remover y unas pinzas","MX$209.00","QUAFFLY","https://affiliate.tiktok.com/api/v1/share/ALSBM8Uk8igI","https://p16-oec-sg.ibyteimg.com/tos-alisg-i-aphluv4xwc-sg/07b9c2c4e19a41aaa5a2ef0a1f3e1a9c~tplv-aphluv4xwc-resize-jpeg:600:600.jpeg?dr=15584&from=520841845&idc=my&ps=933b5bde&shcp=9f007bb8&shp=1f0b6a75&t=555f072d","QUAFFLY","8.00%","美妆个护"
"1735779589263427302","Quaffly-Pestañas Postizas Autoadhesivas 10-16 mm con Rizo Natural DIY Incluyen Pinzas Antiadherentes Sin Pegamento Hipoalergénicas y de Larga Duración hasta 24 Horas","MX$139.00","QUAFFLY","https://affiliate.tiktok.com/api/v1/share/ALSBM8d09qmv","https://p16-oec-sg.ibyteimg.com/tos-alisg-i-aphluv4xwc-sg/d2da896eb5fd4831a5ffe258309ea23d~tplv-aphluv4xwc-resize-jpeg:600:600.jpeg?dr=15584&from=520841845&idc=my&ps=933b5bde&shcp=9f007bb8&shp=1f0b6a75&t=555f072d","QUAFFLY","8.00%","美妆个护"
"1734573812324796370","【CAP】PAPA FEEL Kit de Renovación Mañana C Noche A Crema 5X Ceramidas 30g + Crema 3X Retinol 30g Líneas Finas Sequedad Signos Tempranos Envejecimiento","MX$199.00-$399.00","PAPA FEEL MX","https://affiliate.tiktok.com/api/v1/share/AKOClKk4dI3c","https://p16-oec-sg.ibyteimg.com/tos-alisg-i-aphluv4xwc-sg/16bc34cffe1444ccb34875b64527f4ca~tplv-aphluv4xwc-resize-jpeg:600:600.jpeg?dr=15584&from=520841845&idc=my&ps=933b5bde&shcp=9f007bb8&shp=1f0b6a75&t=555f072d","PAPA FEEL MX","10.00%","美妆个护"
"1733606003454477831","kieró Comfort Cleansing Balm - Bálsamo limpiador de maquillaje Bálsamo limpiador suave que derrite el maquillaje y las impurezas sin resecar, dejando la piel limpia, nutrida y fresca (2.82 oz)","MX$259.00","kieró","https://affiliate.tiktok.com/api/v1/share/AKOVI466dwG8","https://p16-oec-sg.ibyteimg.com/tos-alisg-i-aphluv4xwc-sg/0f322b1054fe4068a3df0d5a695f790d~tplv-aphluv4xwc-resize-jpeg:600:600.jpeg?dr=15584&from=520841845&idc=my&ps=933b5bde&shcp=9f007bb8&shp=1f0b6a75&t=555f072d","kieró","13.00%","美妆个护"
"1733607822175143431","kieró Refining Enzyme Cleanser – Limpiador Facial Enzimático Limpiador facial en polvo que se transforma en espuma. Exfolia suavemente, limpia los poros y elimina impurezas Vegano y delicado con la piel (1.76 oz)","MX$259.00","kieró","https://affiliate.tiktok.com/api/v1/share/AKOVIwfNFe3S","https://p16-oec-sg.ibyteimg.com/tos-alisg-i-aphluv4xwc-sg/2943651d67904ae798692982e73ad54e~tplv-aphluv4xwc-resize-jpeg:600:600.jpeg?dr=15584&from=520841845&idc=my&ps=933b5bde&shcp=9f007bb8&shp=1f0b6a75&t=555f072d","kieró","13.00%","美妆个护"
"1733608005459936775","kieró Balance Toner Pads - Pads Tónicos - Pads tónicos con maracuyá, AHA y PHA que exfolian suavemente, renuevan la piel y dejan el rostro más fresco y luminoso (60 Pads, 6.42 fl oz)","MX$269.00","kieró","https://affiliate.tiktok.com/api/v1/share/AKOVM3g8YJOh","https://p16-oec-sg.ibyteimg.com/tos-alisg-i-aphluv4xwc-sg/cdb8ddc3cdd2462ab1d3eeedb0cc2f37~tplv-aphluv4xwc-resize-jpeg:600:600.jpeg?dr=15584&from=520841845&idc=my&ps=933b5bde&shcp=9f007bb8&shp=1f0b6a75&t=555f072d","kieró","13.00%","美妆个护"
"1733608043559028231","kieró Essential Boost Serum - Sérum Facial Hidratante Sérum coreano con niacinamida, péptidos, pantenol y nopal Textura ligera, rápida absorción: hidrata diario y fortalece la barrera de la piel (1.01 fl oz)","MX$259.00","kieró","https://affiliate.tiktok.com/api/v1/share/AKOVI466v2us","https://p16-oec-sg.ibyteimg.com/tos-alisg-i-aphluv4xwc-sg/e47d1871d810406f869bdd6c9791be67~tplv-aphluv4xwc-resize-jpeg:600:600.jpeg?dr=15584&from=520841845&idc=my&ps=933b5bde&shcp=9f007bb8&shp=1f0b6a75&t=555f072d","kieró","13.00%","美妆个护"
"1733608266550445575","kieró Balance Barrier Cream - Crema hidratante – Crema hidratante con agave azul, ceramidas y escualano que fortalece la barrera y mantiene la piel hidratada y suave (1.76 oz)","MX$269.00","kieró","https://affiliate.tiktok.com/api/v1/share/AKOVIwfNWj0u","https://p16-oec-sg.ibyteimg.com/tos-alisg-i-aphluv4xwc-sg/b131e550bcfb452eb4b911ec47a04816~tplv-aphluv4xwc-resize-jpeg:600:600.jpeg?dr=15584&from=520841845&idc=my&ps=933b5bde&shcp=9f007bb8&shp=1f0b6a75&t=555f072d","kieró","13.00%","美妆个护"
"1733608277819753991","kieró Radiant Eye Cream - Contorno de Ojos Iluminador Reduce hinchazón, bolsas y ojeras. Vegana, hidratante y reafirmante con niacinamida y centella asiática (0.85 fl oz)","MX$269.00","kieró","https://affiliate.tiktok.com/api/v1/share/AKOVM3g8pFic","https://p16-oec-sg.ibyteimg.com/tos-alisg-i-aphluv4xwc-sg/5154c5339d0a4ce3ba9c1e3144159619~tplv-aphluv4xwc-resize-jpeg:600:600.jpeg?dr=15584&from=520841845&idc=my&ps=933b5bde&shcp=9f007bb8&shp=1f0b6a75&t=555f072d","kieró","13.00%","美妆个护"
"1733608512917177863","kieró Airy Sun Stick – Protector en Barra FPS 50+ Vegano, Mate, Ligero y No Graso Hidrata calma y protege tu piel Barra facial práctica y portátil para llevar a todos lados (0.7 oz)","MX$259.00","kieró","https://affiliate.tiktok.com/api/v1/share/AKOVI467C4Ru","https://p16-oec-sg.ibyteimg.com/tos-alisg-i-aphluv4xwc-sg/e0c25ed6fca64d03ac67bc01f8a09ffe~tplv-aphluv4xwc-resize-jpeg:600:600.jpeg?dr=15584&from=520841845&idc=my&ps=933b5bde&shcp=9f007bb8&shp=1f0b6a75&t=555f072d","kieró","13.00%","美妆个护"
"1733608596713211399","kieró Prime Sun Gel – Primer Ligero FPS 40+ – Protege e Hidrata Gel hidratante y calmante, ligero con manzanilla, azuleno y pantenol Vegano, no graso con acabado mate, ideal para piel grasa y mixta(1.69 fl oz)","MX$269.00","kieró","https://affiliate.tiktok.com/api/v1/share/AKOVIwfNnXCi","https://p16-oec-sg.ibyteimg.com/tos-alisg-i-aphluv4xwc-sg/fcac0f5806074f7fbae0e2ab39ac657f~tplv-aphluv4xwc-resize-jpeg:600:600.jpeg?dr=15584&from=520841845&idc=my&ps=933b5bde&shcp=9f007bb8&shp=1f0b6a75&t=555f072d","kieró","13.00%","美妆个护"
"1734395417541707271","kieró Kit de Skincare Completo – Rutina Facial Coreana AM y PM","MX$1,900.80","kieró","https://affiliate.tiktok.com/api/v1/share/AKOVM3g96HSM","https://p16-oec-sg.ibyteimg.com/tos-alisg-i-aphluv4xwc-sg/47c8aebe12ec4e459ebdc7bfde94c736~tplv-aphluv4xwc-resize-jpeg:600:600.jpeg?dr=15584&from=520841845&idc=my&ps=933b5bde&shcp=9f007bb8&shp=1f0b6a75&t=555f072d","kieró","13.00%","美妆个护"
"1733201707806394309","【Día del Niño】Pritom Tableta Infantil 7"", 32GB, 2GB RAM + 2GB Expandible, Android 13, Control Parental, Funda Antigolpes con Correa","MX$925.00","PRITOM MX","https://affiliate.tiktok.com/api/v1/share/AKOYlt42oj9P","https://p16-oec-sg.ibyteimg.com/tos-alisg-i-aphluv4xwc-sg/e1b27038f29c4607b3befa9db88063dd~tplv-aphluv4xwc-resize-jpeg:600:600.jpeg?dr=15584&from=520841845&idc=my&ps=933b5bde&shcp=9f007bb8&shp=1f0b6a75&t=555f072d","PRITOM MX","5.00%","数码家电"
"1734738926247184325","Pritom Tablet para Niños K7 Pro 7 Pulgadas 32GB 2GB RAM Control Parental Funda Antigolpes para Educación y Juegos Android 13","MX$915.00","PRITOM MX","https://affiliate.tiktok.com/api/v1/share/AKVoc6eNmdZa","https://p16-oec-sg.ibyteimg.com/tos-alisg-i-aphluv4xwc-sg/07615851dbed4a958027207f7ef8f8b5~tplv-aphluv4xwc-resize-jpeg:600:600.jpeg?dr=15584&from=520841845&idc=my&ps=933b5bde&shcp=9f007bb8&shp=1f0b6a75&t=555f072d","PRITOM MX","5.00%","数码家电"
"1734725952858916805","Tableta nueva Android 16 de 10.1 pulgadas | Pantalla protectora para los ojos, parte posterior mate | Para estudio y entretenimiento","MX$1,514.00","PRITOM MX","https://affiliate.tiktok.com/api/v1/share/AKhTAUfB0cZh","https://p16-oec-sg.ibyteimg.com/tos-alisg-i-aphluv4xwc-sg/9688486386d045938ee046169f7590a5~tplv-aphluv4xwc-resize-jpeg:600:600.jpeg?dr=15584&from=520841845&idc=my&ps=933b5bde&shcp=9f007bb8&shp=1f0b6a75&t=555f072d","PRITOM MX","4.00%","数码家电"
"1732368908466553963","Nueva rueda abdominal con soporte de codo y rodillera, equipo de ejercicio automático para fortalecer los músculos del tronco - Rueda abdominal de rebote para hombres y mujeres","MX$299.00","SIKIMAC
主推","https://affiliate.tiktok.com/api/v1/share/AKOyM1fws8DU","https://p16-oec-va.ibyteimg.com/tos-maliva-i-o3syd03w52-us/847991ea4bec41d1a912f9bea54fcd8e~tplv-o3syd03w52-resize-jpeg:600:600.jpeg?dr=15584&from=520841845&idc=my&ps=933b5bde&shcp=9f007bb8&shp=1f0b6a75&t=555f072d","SIKIMAC
主推","10.00%","运动健身"
"1734559747754525803","Banda de Resistencia Elástica para Yoga de 4 Tubos - Látex Natural, Entrenamiento de Cuerpo Completo, Negro, Equipo de Resistencia para Hogar y Gimnasio","MX$159.00","SIKIMAC","https://affiliate.tiktok.com/api/v1/share/AKOyO48oW5gv","https://p16-oec-va.ibyteimg.com/tos-maliva-i-o3syd03w52-us/eb7b8e79f7404ce7af427d739d662e52~tplv-o3syd03w52-resize-jpeg:600:600.jpeg?dr=15584&from=520841845&idc=my&ps=933b5bde&shcp=9f007bb8&shp=1f0b6a75&t=555f072d","SIKIMAC","10.00%","运动健身"
"1735070484235125867","Maquina de boxeo inteligente con musica paraadultos y nifios, incluye guantes, pantalla LEDcon datos de golpes, montable en pared, usableen casa, oficina o gimnasio, excelente comoregalo de Navidad.","MX$599.00","SIKIMAC","https://affiliate.tiktok.com/api/v1/share/AKOyGOd4R23c","https://p16-oec-sg.ibyteimg.com/tos-alisg-i-aphluv4xwc-sg/0f9e76d6745544c6a8b62cf261c8ea54~tplv-aphluv4xwc-resize-jpeg:600:600.jpeg?dr=15584&from=520841845&idc=my&ps=933b5bde&shcp=9f007bb8&shp=1f0b6a75&t=555f072d","SIKIMAC","8.00%","运动健身"
"1734604099293774955","Cortacésped Eléctrico Portátil Inalámbrico Plegable con Ruedas Soplador 2 en 1 Rojo","MX$839.00","SIKIMAC","https://affiliate.tiktok.com/api/v1/share/AKOyJY4BMTbS","https://p16-oec-va.ibyteimg.com/tos-maliva-i-o3syd03w52-us/13ad5cf0f9bb4e978971df77e04d3f89~tplv-o3syd03w52-resize-jpeg:600:600.jpeg?dr=15584&from=520841845&idc=my&ps=933b5bde&shcp=9f007bb8&shp=1f0b6a75&t=555f072d","SIKIMAC","8.00%","运动健身"
"1734558622406771819","Tabla de Fitness Multifuncional 8 en 1 - Tabla de Pilates Deslizante PP para Entrenamiento de Fuerza Abdominal y Central, Equipo de Ejercicio para Gimnasio en Casa, Plegable y Portátil","MX$769.00","SIKIMAC","https://affiliate.tiktok.com/api/v1/share/AKOyLE5RRAVH","https://p16-oec-va.ibyteimg.com/tos-maliva-i-o3syd03w52-us/03c2e9d776b548f8bdc87697ba6f0f6b~tplv-o3syd03w52-resize-jpeg:600:600.jpeg?dr=15584&from=520841845&idc=my&ps=933b5bde&shcp=9f007bb8&shp=1f0b6a75&t=555f072d","SIKIMAC","8.00%","运动健身"
"1733250689988920427","Mini Stepper con Bandas de Resistencia - Máquina de Cardio para Casa, Soporta 150 kg, Ajustable, Portátil para Ejercicio de Piernas, Brazos y Abdomen","MX$838.00","SIKIMAC","https://affiliate.tiktok.com/api/v1/share/AKOyW7FdVjtL","https://p16-oec-sg.ibyteimg.com/tos-alisg-i-aphluv4xwc-sg/db8f04b6cb9249779a5b79396b6992df~tplv-aphluv4xwc-resize-jpeg:600:600.jpeg?dr=15584&from=520841845&idc=my&ps=933b5bde&shcp=9f007bb8&shp=1f0b6a75&t=555f072d","SIKIMAC","9.00%","运动健身"
"1734248670536959020","UPMER Pack Bienestar Diario:Magnesio 7 en 1 + Omega 3 5 en 1 1500 mg + 1900 mg | EPA y DHA | 120 cápsulas | Suplemento alimenticio","MX$389.00-$778.00","UPMER-MX","https://affiliate.tiktok.com/api/v1/share/AKSs0oO3mQfy","https://p16-oec-sg.ibyteimg.com/tos-alisg-i-aphluv4xwc-sg/3fa5ee271e9a4dc1854e5994223ad8c1~tplv-aphluv4xwc-resize-jpeg:600:600.jpeg?dr=15584&from=520841845&idc=my&ps=933b5bde&shcp=9f007bb8&shp=1f0b6a75&t=555f072d","UPMER-MX","13.00%","保健"
"1734125827638461484","UPMER Complejo de Magnesio 7 en 1 – 1500 mg por cápsula | Con Glicinato, Citrato, Gluconato y Óxido de Magnesio + Vitaminas B | Apoyo para Músculos, Corazón y Relajación | Alta Absorción – 60 Cápsulas","MX$199.00-$549.00","UPMER-MX","https://affiliate.tiktok.com/api/v1/share/AKSjF1QgzNiC","https://p16-oec-sg.ibyteimg.com/tos-alisg-i-aphluv4xwc-sg/17d0cb28d3d144b4bacabb998b3f2b59~tplv-aphluv4xwc-resize-jpeg:600:600.jpeg?dr=15584&from=520841845&idc=my&ps=933b5bde&shcp=9f007bb8&shp=1f0b6a75&t=555f072d","UPMER-MX","13.00%","保健"
"1734125862879396908","UPMER Probióticos para la Mujer – 140 mil millones de CFUs Con 16 cepas activas, extracto de arándano, inulina y biotina Ayuda a mantener el equilibrio natural del pH y la frescura íntima Suplemento alimenticio – 60 cápsulas","MX$209.00-$559.00","UPMER-MX","https://affiliate.tiktok.com/api/v1/share/AKSjCrMkMi71","https://p16-oec-sg.ibyteimg.com/tos-alisg-i-aphluv4xwc-sg/c59b594325bd48058106f87e414a7bb9~tplv-aphluv4xwc-resize-jpeg:600:600.jpeg?dr=15584&from=520841845&idc=my&ps=933b5bde&shcp=9f007bb8&shp=1f0b6a75&t=555f072d","UPMER-MX","13.00%","保健"
"1734125902341309484","Omega 3 Premium 5 en 1 – 1900 mg Aceite puro de salmón salvaje, rico en EPA y DHA Alta pureza y alta potencia | Calidad garantizada Suministro para 30 / 40 / 60 días Suplemento alimenticio – 60 cápsulas","MX$199.00-$549.00","UPMER-MX","https://affiliate.tiktok.com/api/v1/share/AKSjF1jDrjwE","https://p16-oec-sg.ibyteimg.com/tos-alisg-i-aphluv4xwc-sg/918aa84faea2490e876877f2dd79bcbe~tplv-aphluv4xwc-resize-jpeg:600:600.jpeg?dr=15584&from=520841845&idc=my&ps=933b5bde&shcp=9f007bb8&shp=1f0b6a75&t=555f072d","UPMER-MX","13.00%","保健"
"1733965228770624946","Spray Removedor de Hongos y Manchas de Moho de Acción Rápida y Eficiente - Ideal para Junta de Lavadora, Fugas de Baño y Fregadero de Cocina, Previene la Reaparición de Hongos, Producto Indispensable para el Hogar","MX$119.00-$9,999.00","NaturaLimp Ofertón","https://affiliate.tiktok.com/api/v1/share/AKSsYvXAGXaL","https://p16-oec-sg.ibyteimg.com/tos-alisg-i-aphluv4xwc-sg/51822818f0474355b82a483b6392ced5~tplv-aphluv4xwc-resize-jpeg:600:600.jpeg?dr=15584&from=520841845&idc=my&ps=933b5bde&shcp=9f007bb8&shp=1f0b6a75&t=555f072d","NaturaLimp Ofertón","10.00%","居家日用"
"1733509463825614258","Limpiador y Descascarillador para Lavadoras Tabletas de limpieza profunda para el tambor | Limpieza profunda y eliminación de cal en lavadoras de carga superior | Desodorización y limpieza del tambor y juntas de la lavadora | Combate los olores de mascota","MX$89.00-$129.00","NaturaLimp Ofertón","https://affiliate.tiktok.com/api/v1/share/AKSsYvXAXdzF","https://p16-oec-sg.ibyteimg.com/tos-alisg-i-aphluv4xwc-sg/715762ba0e4b4607be68673bc8484a3b~tplv-aphluv4xwc-resize-jpeg:600:600.jpeg?dr=15584&from=520841845&idc=my&ps=933b5bde&shcp=9f007bb8&shp=1f0b6a75&t=555f072d","NaturaLimp Ofertón","10.00%","居家日用"
"1731183827806422554","REDHUT Limpiador a vapor portátil con 12 accesorios, limpieza profunda para cocina, baño, hogar y automóvil","MX$772.99","REDHUT MX","https://affiliate.tiktok.com/api/v1/share/AKVi7GuCNo98","https://p16-oec-sg.ibyteimg.com/tos-alisg-i-aphluv4xwc-sg/90c4bf92f1734f7ca89080052ac71d17~tplv-aphluv4xwc-resize-jpeg:600:600.jpeg?dr=15584&from=520841845&idc=my&ps=933b5bde&shcp=9f007bb8&shp=1f0b6a75&t=555f072d","REDHUT MX","10.00%","居家日用"
"1734421733990565551","CEELIKE Tiras dentales moradas, 14 unidades | Cuidado portátil, fácil de usar","MX$99.00-$259.00","Ceelike MX","https://affiliate.tiktok.com/api/v1/share/ALO2PVFBh7Vl","https://p16-oec-sg.ibyteimg.com/tos-alisg-i-aphluv4xwc-sg/457439ce78b04e379b1f4648a22f63ae~tplv-aphluv4xwc-resize-jpeg:600:600.jpeg?dr=15584&from=520841845&idc=my&ps=933b5bde&shcp=9f007bb8&shp=1f0b6a75&t=555f072d","Ceelike MX","11.00%","美妆个护"
"1732207696139029167","【MSDRWIKEY】 SP-6 Pasta de Dientes | Cuidado Oral Probiótico con Aliento Fresco Duradero | 4.59oz","MX$99.00-$209.00","Ceelike MX","https://affiliate.tiktok.com/api/v1/share/ALO2QgTbCtkV","https://p16-oec-sg.ibyteimg.com/tos-alisg-i-aphluv4xwc-sg/cd3485e9f464400cb7428cca4e3f5f2a~tplv-aphluv4xwc-resize-jpeg:600:600.jpeg?dr=15584&from=520841845&idc=my&ps=933b5bde&shcp=9f007bb8&shp=1f0b6a75&t=555f072d","Ceelike MX","11.00%","美妆个护"
"1731224667970504367","CEELIKE Spray Bucal | Frescura Diaria en Cualquier Momento | 5 Sabores Disponibles | 20 ml Sin Azúcar y Fácil de Llevar","MX$99.00-$159.00","Ceelike MX","https://affiliate.tiktok.com/api/v1/share/ALO2PVFCWTBu","https://p16-oec-sg.ibyteimg.com/tos-alisg-i-aphluv4xwc-sg/b7f7947f528b4ba0827d21294526c2ea~tplv-aphluv4xwc-resize-jpeg:600:600.jpeg?dr=15584&from=520841845&idc=my&ps=933b5bde&shcp=9f007bb8&shp=1f0b6a75&t=555f072d","Ceelike MX","11.00%","美妆个护"
"1734777253853431722","Rovir ease Champú de sulfuro de selenio: control de grasa, eliminación de caspa, alivio de la picazón","MX$160.00-$285.00","Rovir ease MX","https://affiliate.tiktok.com/api/v1/share/AKXHFmM0ChvC","https://p16-oec-sg.ibyteimg.com/tos-alisg-i-aphluv4xwc-sg/3d0de8a70dff40a7ab34bc1dd5d4b1ec~tplv-aphluv4xwc-resize-jpeg:600:600.jpeg?dr=15584&from=520841845&idc=my&ps=933b5bde&shcp=9f007bb8&shp=1f0b6a75&t=555f072d","Rovir ease MX","10.00%","美妆个护"
"1734078319649719801","CYNSCUTES Short Faja Moldeador | Abdomen plano, cintura marcada y efecto levanta glúteos · Invisible y cómodo bajo jeans y vestidos · Curvas tipo reloj de arena todo el día","MX$118.00-$216.00","CYNSCUTES","https://affiliate.tiktok.com/api/v1/share/AL4xxLwnyScd","https://p16-oec-sg.ibyteimg.com/tos-alisg-i-aphluv4xwc-sg/2072d79f5a7d487d996f15e0d82c052b~tplv-aphluv4xwc-resize-jpeg:600:600.jpeg?dr=15584&from=520841845&idc=my&ps=933b5bde&shcp=9f007bb8&shp=1f0b6a75&t=555f072d","CYNSCUTES","12.00%","服饰内睡"
"1734075615560173049","CYNSCUTES Faja Moldeadora de Cintura Alta | Te hace ver más delgada con jeans · Invisible bajo vestidos · Moldea después del embarazo · Curvas tipo reloj de arena · Tu aliada para bodas","MX$89.00-$176.00","CYNSCUTES","https://affiliate.tiktok.com/api/v1/share/AL4y1nBKRapP","https://p16-oec-sg.ibyteimg.com/tos-alisg-i-aphluv4xwc-sg/60787b53d56b4bfe9024a77e24ca05e4~tplv-aphluv4xwc-resize-jpeg:600:600.jpeg?dr=15584&from=520841845&idc=my&ps=933b5bde&shcp=9f007bb8&shp=1f0b6a75&t=555f072d","CYNSCUTES","12.00%","服饰内睡"
"1731462730216342883","[Kawu]Hervidor de huevos automático，Cocina 4 huevos (duros o pochés) ¡Prepara tortilla en minutos!，6 modos inteligentes","MX$300.00-$399.00","KAWU MX
主推","https://affiliate.tiktok.com/api/v1/share/AKaqlWpY7bTm","https://p16-oec-sg.ibyteimg.com/tos-alisg-i-aphluv4xwc-sg/faab9371038a470a9d35ae396cebea05~tplv-aphluv4xwc-resize-jpeg:600:600.jpeg?dr=15584&from=520841845&idc=my&ps=933b5bde&shcp=9f007bb8&shp=1f0b6a75&t=555f072d","KAWU MX
主推","4.00%","居家日用"
"1731736264042187548","ENCHEN MS003 Mini Afeitadora Portátil | Diseño de Doble Hoja | Motor de Alta Velocidad | Afeitadora Recargable por USB | Esenciales de Viaje | Negro","MX$299.00","ENCHEN.MX","https://affiliate.tiktok.com/api/v1/share/AKasS1kHAPWL","https://p16-oec-sg.ibyteimg.com/tos-alisg-i-aphluv4xwc-sg/455f2b1dbbd344f2a8421ae88f246d28~tplv-aphluv4xwc-resize-jpeg:600:600.jpeg?dr=15584&from=520841845&idc=my&ps=933b5bde&shcp=9f007bb8&shp=1f0b6a75&t=555f072d","ENCHEN.MX","8.00%","数码家电"
"1731750874781289244","ENCHEN Aspiradora V1, aspiradora multifuncional 2 en 1, potente compañera de limpieza, eficaz limpiadora y filtradora de polvo y suciedad, equipada con cabezal de cepillo para suelos y boquilla plana, fácil de guardar y usar, adecuada para suelos, baldosa","MX$687.00","ENCHEN.MX","https://affiliate.tiktok.com/api/v1/share/AKasOwwsLXcM","https://p16-oec-sg.ibyteimg.com/tos-alisg-i-aphluv4xwc-sg/ef6e0717220d4e88a7cff2a75f6b603a~tplv-aphluv4xwc-resize-jpeg:600:600.jpeg?dr=15584&from=520841845&idc=my&ps=933b5bde&shcp=9f007bb8&shp=1f0b6a75&t=555f072d","ENCHEN.MX","8.00%","数码家电"
"1731826946061666076","【Producto mejorado】ENCHEN MS003 Mini Afeitadora Portátil | Diseño de Doble Hoja | Motor de Alta Velocidad | Afeitadora Recargable por USB | Esenciales de Viaje | Negro","MX$299.00","ENCHEN.MX","https://affiliate.tiktok.com/api/v1/share/AKasS2DvySzW","https://p16-oec-sg.ibyteimg.com/tos-alisg-i-aphluv4xwc-sg/3ced9dc519a14678bc9a2aeb70e1f961~tplv-aphluv4xwc-resize-jpeg:600:600.jpeg?dr=15584&from=520841845&idc=my&ps=933b5bde&shcp=9f007bb8&shp=1f0b6a75&t=555f072d","ENCHEN.MX","8.00%","数码家电"
"1732465876062013212","ENCHEN Beardo 2 Afeitadora multifunción, Resistente al Agua, Carga Rápida y 4 Peines Guías (3mm, 6mm, 9mm, 12mm), Afeitadora Eléctrica y Cortapelos","MX$295.00","ENCHEN.MX","https://affiliate.tiktok.com/api/v1/share/AKasS1kHRQAU","https://p16-oec-sg.ibyteimg.com/tos-alisg-i-aphluv4xwc-sg/5ceebdd3ec8249de964fd4146941d03b~tplv-aphluv4xwc-resize-jpeg:600:600.jpeg?dr=15584&from=520841845&idc=my&ps=933b5bde&shcp=9f007bb8&shp=1f0b6a75&t=555f072d","ENCHEN.MX","8.00%","数码家电"
"1733166931176883956","AORAN Parrilla Eléctrica Portátil para Barbacoa Coreana, Sartén para Grill Antiadherente, Parrilla Interior sin Humo, Control de Temperatura Ajustable, Comal para Estufa Eléctrica, Ideal para Parrilladas, Carne, Tacos, y Más.tortillero electrico，plancha a carbón","MX$529.00-$609.00","AORAN MX Store","https://affiliate.tiktok.com/api/v1/share/AKbgr7tlCA8s","https://p16-oec-sg.ibyteimg.com/tos-alisg-i-aphluv4xwc-sg/40d5942db2844055b366dc8d1f2ff7f9~tplv-aphluv4xwc-resize-jpeg:600:600.jpeg?dr=15584&from=520841845&idc=my&ps=933b5bde&shcp=9f007bb8&shp=1f0b6a75&t=555f072d","AORAN MX Store","8.00%","数码家电"
"1733829870582465536","NMB Mascarilla en Polvo de Burbujas con Antocianinas 4g*12 unidades - Mascarilla Hidratante y Nutritiva Profunda. Limpieza profunda, alivia la sequedad, nutre la piel, cuidado suave. Elimina puntos negros, exfolia y limpia los poros. Extractos naturales","MX$128.00-$178.00","LamaLuxe","https://affiliate.tiktok.com/api/v1/share/AKdRV0RaDluC","https://p16-oec-sg.ibyteimg.com/tos-alisg-i-aphluv4xwc-sg/0498b6fac5664887984758a0b9fa0de4~tplv-aphluv4xwc-resize-jpeg:600:600.jpeg?dr=15584&from=520841845&idc=my&ps=933b5bde&shcp=9f007bb8&shp=1f0b6a75&t=555f072d","LamaLuxe","7.00%","美妆个护"
"1733728617167161206","Manspot Recortadora de Vello Corporal Eléctrico 4 en 1,Depiladora de vello de ingle inalámbrico para hombres ,Afeitadora Impermeable IPX7, Adecuada para Axilas, Pecho, Piernas y Genitales, Protege tu piel sensible","MX$419.99","Spotmate-MX","https://affiliate.tiktok.com/api/v1/share/AKdlF3oxwpj4","https://p16-oec-sg.ibyteimg.com/tos-alisg-i-aphluv4xwc-sg/ddb3ae41eead493fa223e525f51300fb~tplv-aphluv4xwc-resize-jpeg:600:600.jpeg?dr=15584&from=520841845&idc=my&ps=933b5bde&shcp=9f007bb8&shp=1f0b6a75&t=555f072d","Spotmate-MX","9.00%","数码家电"
"1732278530237368862","【HiEHA】2026 La pantalla portátil más nueva de Carplay para automóvil, pantalla táctil IPS de 7 pulgadas, Compatible con CarPlay y Android Auto, Cámara de Respaldo, estéreo para automóvil, soporte para GPS, Bluetooth, FM, WiFi","MX$899.00","HIEHA MX","https://affiliate.tiktok.com/api/v1/share/AKndoXZWMWHe","https://p16-oec-sg.ibyteimg.com/tos-alisg-i-aphluv4xwc-sg/f33f27ca6c6f43acb8488b9f0688404b~tplv-aphluv4xwc-resize-jpeg:600:600.jpeg?dr=15584&from=520841845&idc=my&ps=933b5bde&shcp=9f007bb8&shp=1f0b6a75&t=555f072d","HIEHA MX","8.00%","数码家电"
"1733421483676173509","[Rightfly]Juego de bolsas de almacenamiento con compresión al vacío inalámbricas,15 piezas/12 piezas/9 piezas;potente función de extracción al vacío;bomba de vacío portátil con puerto de carga USB;bol","MX$398.24-$748.48","WOLISUSO","https://affiliate.tiktok.com/api/v1/share/AKhSUuSoffqa","https://p16-oec-sg.ibyteimg.com/tos-alisg-i-aphluv4xwc-sg/5666f32268844b93956536dcae076fdf~tplv-aphluv4xwc-resize-jpeg:600:600.jpeg?dr=15584&from=520841845&idc=my&ps=933b5bde&shcp=9f007bb8&shp=1f0b6a75&t=555f072d","WOLISUSO","8.00%","居家日用"
"1732023120149710449","TIMEOFF Entrenamiento Gimnasio Equipo cuello Outfits Manga corta rosa Pantalones cortos atléticos Control del vientre Cintura alta Conjunto elástico delgado Ropa Correr Fitness color sólido","MX$252.00","TimeOFF-SPORTS","https://affiliate.tiktok.com/api/v1/share/AKitQe6soMkF","https://p16-oec-sg.ibyteimg.com/tos-alisg-i-aphluv4xwc-sg/88399988e2c54e96a493e5737d6b6d63~tplv-aphluv4xwc-resize-jpeg:600:600.jpeg?dr=15584&from=520841845&idc=my&ps=933b5bde&shcp=9f007bb8&shp=1f0b6a75&t=555f072d","TimeOFF-SPORTS","10.00%","服饰内睡"
"1732029231882012273","TIMEOFF Mujeres Traje sin costuras manga corta pantalones estirables Control del vientre Talla alta Entrenamiento Gimnasio Equipo cuello Outfits Gimnasio Yoga Fitness Purple Butt Lifting set Tejido Elástico De Actiwear Conjunto De Ropa Deportiva","MX$270.00","TimeOFF-SPORTS","https://affiliate.tiktok.com/api/v1/share/AKita2bNXNmO","https://p16-oec-sg.ibyteimg.com/tos-alisg-i-aphluv4xwc-sg/931941d6504a4e48bf849934fd2ee30d~tplv-aphluv4xwc-resize-jpeg:600:600.jpeg?dr=15584&from=520841845&idc=my&ps=933b5bde&shcp=9f007bb8&shp=1f0b6a75&t=555f072d","TimeOFF-SPORTS","10.00%","服饰内睡"
"1732029569963492977","Timeoff pantalones ajustados deportivos cintura alta pantalones deportivos mujeres cintura alta pantalones deportivos caderas entrenamiento de ocio diario pantalones de fondo deportivos","MX$137.00","TimeOFF-SPORTS","https://affiliate.tiktok.com/api/v1/share/AKitVXj2LAIu","https://p16-oec-sg.ibyteimg.com/tos-alisg-i-aphluv4xwc-sg/83ddb43e72fa44d2992fde232f8efb83~tplv-aphluv4xwc-resize-jpeg:600:600.jpeg?dr=15584&from=520841845&idc=my&ps=933b5bde&shcp=9f007bb8&shp=1f0b6a75&t=555f072d","TimeOFF-SPORTS","10.00%","服饰内睡"
"1732029840072541809","TIMEOFF Ejercicio Ropa Cuello de la tripulación Casual Elástico Fitness Correr Ropa deportiva Gimnasio Yoga Fitness Comodidad delgada Ropa deportiva al aire libre Cremallera Chaqueta de abrigo marrón","MX$157.00-$456.00","TimeOFF-SPORTS","https://affiliate.tiktok.com/api/v1/share/AKitQe6ujeok","https://p16-oec-sg.ibyteimg.com/tos-alisg-i-aphluv4xwc-sg/7e8fac3a2bd34106a89888d1ccaf77e8~tplv-aphluv4xwc-resize-jpeg:600:600.jpeg?dr=15584&from=520841845&idc=my&ps=933b5bde&shcp=9f007bb8&shp=1f0b6a75&t=555f072d","TimeOFF-SPORTS","10.00%","服饰内睡"
"1732029915549697649","TIMEOFF Entrenamiento Gimnasio Entrenamiento Ropa Chaqueta de cuello de la tripulación Yoga Outfits Fitness Correr Ropa deportiva comodidad Abrigo de montar con cremallera delgada Color sólido Elástico","MX$250.00","TimeOFF-SPORTS","https://affiliate.tiktok.com/api/v1/share/AKita2bOMV55","https://p16-oec-sg.ibyteimg.com/tos-alisg-i-aphluv4xwc-sg/faae475be2ca45cf804223432df725e8~tplv-aphluv4xwc-resize-jpeg:600:600.jpeg?dr=15584&from=520841845&idc=my&ps=933b5bde&shcp=9f007bb8&shp=1f0b6a75&t=555f072d","TimeOFF-SPORTS","10.00%","服饰内睡"
"1732030986083075697","TIMEOFF Mujeres Deportes Traje de juego de ajuste apretado Traje de ejercicio con costillas de manga larga Traje deportivo Traje de yoga de una sola pieza en color sólido Liso como mantequilla Cintura elástica suave y lujosa Control del vientre Tela trans","MX$192.00","TimeOFF-SPORTS","https://affiliate.tiktok.com/api/v1/share/AKitVXj5ucxC","https://p16-oec-sg.ibyteimg.com/tos-alisg-i-aphluv4xwc-sg/b7cf45c50dee47f494f7baa76359dafc~tplv-aphluv4xwc-resize-jpeg:600:600.jpeg?dr=15584&from=520841845&idc=my&ps=933b5bde&shcp=9f007bb8&shp=1f0b6a75&t=555f072d","TimeOFF-SPORTS","10.00%","服饰内睡"
"1732031095828874865","TIMEOFF Pantalones Cortos Deportivos Lisos para Ciclismo Color Rojo Elástico Culo Elevador y Forma Deporte Estilo Moda Tendencia Gimnasio Desgas Shorts Deportivos Lisos te Delgado Confort Ventilar Shorts de Carrera Biker Ejercicio","MX$158.00-$456.00","TimeOFF-SPORTS","https://affiliate.tiktok.com/api/v1/share/AKitQe6vYhfC","https://p16-oec-sg.ibyteimg.com/tos-alisg-i-aphluv4xwc-sg/a4d0afd8727c4de4bd79512ea67872dd~tplv-aphluv4xwc-resize-jpeg:600:600.jpeg?dr=15584&from=520841845&idc=my&ps=933b5bde&shcp=9f007bb8&shp=1f0b6a75&t=555f072d","TimeOFF-SPORTS","10.00%","服饰内睡"
"1733037344723404401","TIMEOFF Conjunto deportivo para mujer cintura alta efecto levantacola y moldeador de alta elasticidad manga larga y pantalones ajustados ideal para yoga gimnasio correr y actividades al aire libre","MX$256.50","TimeOFF-SPORTS","https://affiliate.tiktok.com/api/v1/share/AKita2bOuhjw","https://p16-oec-sg.ibyteimg.com/tos-alisg-i-aphluv4xwc-sg/df9e12e93b524b018d59b9a3c64b61d2~tplv-aphluv4xwc-resize-jpeg:600:600.jpeg?dr=15584&from=520841845&idc=my&ps=933b5bde&shcp=9f007bb8&shp=1f0b6a75&t=555f072d","TimeOFF-SPORTS","10.00%","服饰内睡"
"1733046127038596721","TimeOFF Mono deportivo para mujer con tirantes y espalda descubierta sin mangas y de pantalón largo fabricado con tela suave elástica y de secado rápido Ideal para yoga gimnasio entrenamiento y actividades deportivas multifuncionales","MX$380.00","TimeOFF-SPORTS","https://affiliate.tiktok.com/api/v1/share/AKitVXj6BvjZ","https://p16-oec-sg.ibyteimg.com/tos-alisg-i-aphluv4xwc-sg/67fc729297c34933ac9202a1c7a17962~tplv-aphluv4xwc-resize-jpeg:600:600.jpeg?dr=15584&from=520841845&idc=my&ps=933b5bde&shcp=9f007bb8&shp=1f0b6a75&t=555f072d","TimeOFF-SPORTS","10.00%","服饰内睡"
"1733047728357672561","TimeOFF Leggings Deportivos de Cintura Alta para Mujer Sin Costuras Ajustados con Efecto Levantacola Pantalones Elásticos para Yoga Gimnasio Correr Ciclismo y Actividades Multifuncionales Athleisure Fondos","MX$198.00","TimeOFF-SPORTS","https://affiliate.tiktok.com/api/v1/share/AKitQe6wO2Ed","https://p16-oec-sg.ibyteimg.com/tos-alisg-i-aphluv4xwc-sg/a1cfb5a2ead848dbab33d5a9f281527b~tplv-aphluv4xwc-resize-jpeg:600:600.jpeg?dr=15584&from=520841845&idc=my&ps=933b5bde&shcp=9f007bb8&shp=1f0b6a75&t=555f072d","TimeOFF-SPORTS","10.00%","服饰内睡"
"1733692629844395633","Timeoff Mujeres alta cintura cadera liftingand abdominal compresión pantalones de yoga leggings gimnasio diario casual versátil pantalones deportivos","MX$219.00","TimeOFF-SPORTS","https://affiliate.tiktok.com/api/v1/share/AKita2bQZ5Ck","https://p16-oec-sg.ibyteimg.com/tos-alisg-i-aphluv4xwc-sg/cb21e76ca8f845c98928264b820fa33e~tplv-aphluv4xwc-resize-jpeg:600:600.jpeg?dr=15584&from=520841845&idc=my&ps=933b5bde&shcp=9f007bb8&shp=1f0b6a75&t=555f072d","TimeOFF-SPORTS","10.00%","服饰内睡"
"1736346287970879089","TIMEOFF Body Moldeador Mujer con Tirantes, Body Sin Costuras Control Abdomen, Ropa Interior Elástica Café para Gym y Diario","MX$99.00","TimeOFF-SPORTS","https://affiliate.tiktok.com/api/v1/share/AL1tPDtXb6qe","https://p16-oec-sg.ibyteimg.com/tos-alisg-i-aphluv4xwc-sg/894bd36b042144508b8aab245c18f627~tplv-aphluv4xwc-resize-jpeg:600:600.jpeg?dr=15584&from=520841845&idc=my2&ps=933b5bde&shcp=6c17ea28&shp=1f0b6a75&t=555f072d","TimeOFF-SPORTS","10.00%","服饰内睡"
"1736345540324853361","TIMEOFF Playera Deportiva Mujer Manga Corta Ajustada, Blusa Gym Fitness Transpirable Elástica, Camiseta para Yoga Running Azul Marino","MX$118.00","TimeOFF-SPORTS","https://affiliate.tiktok.com/api/v1/share/AL1tPEcezdIU","https://p16-oec-sg.ibyteimg.com/tos-alisg-i-aphluv4xwc-sg/069f87bf5f894d42b0a6f9e17596904d~tplv-aphluv4xwc-resize-jpeg:600:600.jpeg?dr=15584&from=520841845&idc=my2&ps=933b5bde&shcp=6c17ea28&shp=1f0b6a75&t=555f072d","TimeOFF-SPORTS","10.00%","服饰内睡"
"1736556204269733489","TimeoffPantalones de piernas anchas de color sólido de la Sra. pantalones casuales elegantes y de moda adecuados para la Oficina de trabajo deportivo del gimnasio, pantalones de yoga casuales de la Sra. de negocios en cuatro estaciones","MX$246.00","TimeOFF-SPORTS","https://affiliate.tiktok.com/api/v1/share/AL8PAdFJZFgI","https://p16-oec-sg.ibyteimg.com/tos-alisg-i-aphluv4xwc-sg/bb5af45eedde4e5d83bd1bd410c54b22~tplv-aphluv4xwc-resize-jpeg:600:600.jpeg?dr=15584&from=520841845&idc=my&ps=933b5bde&shcp=9f007bb8&shp=1f0b6a75&t=555f072d","TimeOFF-SPORTS","12.00%","服饰内睡"
"1732679552849970570","BLACK LINK Toalla de secado TOALLA NEGRA TWISTED-LOOP Toalla de36x24in secado para automóviles ultraabsorbente elaboradacon tejido de microfibra TWISTED-LOOP (lazo retorcido),microfibra premium de 1400 GSM.","MX$89.00-$1,085.00","BLACK LINK_MX","https://affiliate.tiktok.com/api/v1/share/AKmNuhMwbFGA","https://p16-oec-sg.ibyteimg.com/tos-alisg-i-aphluv4xwc-sg/525b18f7c1af4d9f8e5cceddf466a3e1~tplv-aphluv4xwc-resize-jpeg:600:600.jpeg?dr=15584&from=520841845&idc=my&ps=933b5bde&shcp=9f007bb8&shp=1f0b6a75&t=555f072d","BLACK LINK_MX","11.00%","居家日用"
"1733208078482245577","Cepillo limpiador de película de aceite automotriz, nuevo recubrimiento para parabrisas, removedor de película de aceite, potente removedor de parabrisas delantero que mejora la claridad y la visibilidad.","MX$99.00-$654.00","BLACKLINK","https://affiliate.tiktok.com/api/v1/share/AL82Rs6w8Ncc","https://p16-oec-sg.ibyteimg.com/tos-alisg-i-aphluv4xwc-sg/8728263ac06249248ebc35eaf0e1b0f0~tplv-aphluv4xwc-resize-jpeg:600:600.jpeg?dr=15584&from=520841845&idc=my&ps=933b5bde&shcp=9f007bb8&shp=1f0b6a75&t=555f072d","BLACKLINK","8.00%","居家日用"
"1731406141971137954","Recortadora eléctrica de doble cabezal, afeitadora 2 en 1 recargable para la zona del bikini, recorte indoloro de vello púbico, facial, axilas y piernas. Apta para todo el cuerpo, portátil e impermeable IPX7,un regalo de verano perfec","MX$179.00","Fitpolo Belleza Lab
直播达人链接","https://affiliate.tiktok.com/api/v1/share/AKmb29HsyQXo","https://p16-oec-sg.ibyteimg.com/tos-alisg-i-aphluv4xwc-sg/06c7c63b6040460a868ce0f9b7c2959f~tplv-aphluv4xwc-resize-jpeg:600:600.jpeg?dr=15584&from=520841845&idc=my&ps=933b5bde&shcp=9f007bb8&shp=1f0b6a75&t=555f072d","Fitpolo Belleza Lab
直播达人链接","13.00%","美妆个护"
"1735472304112043246","Quietlake  6 PCS femeninas de malla con letras, cintura media y efecto reductor de abdomen. Calzones cómodos para uso diario y las cuatro estaciones. Ropa interior de mujer sin costuras de cintura alta, suaves, elegantes y versátiles. Diseño liso, transpirable y agradable al tacto.","MX$289.70","Quietlake SHOP MX","https://affiliate.tiktok.com/api/v1/share/AKn4FTodmorY","https://p16-oec-sg.ibyteimg.com/tos-alisg-i-aphluv4xwc-sg/bdf6f53c6d3e47ce95b63d98ef5f20ec~tplv-aphluv4xwc-resize-jpeg:600:600.jpeg?dr=15584&from=520841845&idc=my&ps=933b5bde&shcp=9f007bb8&shp=1f0b6a75&t=555f072d","Quietlake SHOP MX","8.00%","服饰内睡"
"1735409512431125742","Quietlake Paquete de 7/14/21/28 bragas transparentes para mujer con encaje floral, lazos y bordes ondulados; cómodas, transpirables y agradables para uso diario; ropa interior femenina para otoño; ropa para el regreso a clases; prendas femeninas; paquete de regalo para novia; lencería","MX$199.80-$719.80","Quietlake SHOP MX","https://affiliate.tiktok.com/api/v1/share/AKn4GHuJWQdU","https://p16-oec-sg.ibyteimg.com/tos-alisg-i-aphluv4xwc-sg/9387f63e32084014a170fcc1cba73314~tplv-aphluv4xwc-resize-jpeg:600:600.jpeg?dr=15584&from=520841845&idc=my&ps=933b5bde&shcp=9f007bb8&shp=1f0b6a75&t=555f072d","Quietlake SHOP MX","8.00%","服饰内睡"
"1735371638936012014","Quietlake Bragas Mujer Sin Costura Cintura Media, Invisibles y Cómodas, Ropa Interior Transpirable para Dama 6 Piezas. Cinturón Elástico Suave, Bragas Básicas de Algodón. Ropa Interior de Año Nuevo para Buena Suerte.ropa interior femenina","MX$219.80-$416.80","Quietlake SHOP MX","https://affiliate.tiktok.com/api/v1/share/AKn4GHuJnUSi","https://p16-oec-sg.ibyteimg.com/tos-alisg-i-aphluv4xwc-sg/c6f2490b727e43ddb6b5a909c29e70ec~tplv-aphluv4xwc-resize-jpeg:600:600.jpeg?dr=15584&from=520841845&idc=my&ps=933b5bde&shcp=9f007bb8&shp=1f0b6a75&t=555f072d","Quietlake SHOP MX","8.00%","服饰内睡"
"1734977425831658734","Cinturón Táctico Elástico con Gancho Metálico, Diseño Invisible Sin Hebilla, Lado Suave y Ajustable, Unisex, Resistente a Roturas","MX$69.80-$249.80","Quietlake SHOP MX","https://affiliate.tiktok.com/api/v1/share/AKn4GIywr1og","https://p16-oec-sg.ibyteimg.com/tos-alisg-i-aphluv4xwc-sg/7d3a6f3766b649888fd886ae14798ebb~tplv-aphluv4xwc-resize-jpeg:600:600.jpeg?dr=15584&from=520841845&idc=my&ps=933b5bde&shcp=9f007bb8&shp=1f0b6a75&t=555f072d","Quietlake SHOP MX","8.00%","服饰内睡"
"1736147110449743086","Quietlake 6 PCS pantaleta de malla con letras para mujer con control de abdomen, bragas cómodas para uso diario, ropa interior para las 4 estaciones, ropa femenina, sin costuras talle medio, braguita suave y elegante, pantaleta transpirable de moda en colores sólidos para verano, tallas M-XXXL","MX$329.70","Quietlake SHOP MX","https://affiliate.tiktok.com/api/v1/share/ALDrk0nnyb8w","https://p16-oec-sg.ibyteimg.com/tos-alisg-i-aphluv4xwc-sg/e458b8e9169446689d72ecada3d7f5c0~tplv-aphluv4xwc-resize-jpeg:600:600.jpeg?dr=15584&from=520841845&idc=my&ps=933b5bde&shcp=9f007bb8&shp=1f0b6a75&t=555f072d","Quietlake SHOP MX","8.00%","服饰内睡"
"1731765520676390150","WARMHEART body moldeador,Body para mujer,Body moldeador para mujer, Body moldeador de cintura para mujer,con control de abdomen,compresión para levantamiento de glúteos,Negro,Almendra,Café Oscuro,Rosa, azul, azul rey,S M L XL","MX$99.00","WARMHEART-8","https://affiliate.tiktok.com/api/v1/share/AKqAuRVI5Qst","https://p16-oec-sg.ibyteimg.com/tos-alisg-i-aphluv4xwc-sg/58020da8e9a8450eb393b148c6591f41~tplv-aphluv4xwc-resize-jpeg:600:600.jpeg?dr=15584&from=520841845&idc=my&ps=933b5bde&shcp=9f007bb8&shp=1f0b6a75&t=555f072d","WARMHEART-8","8.00%","服饰内睡"
"1733130890902079457","WARMHEART Elegante Vestido de Fiesta para Mujer en Poliéster Suave - Perfecto para Banquetes Playa y Eventos Sociales - Cómodo y Adecuado para Trabajo y Viajes","MX$209.00","WARMHEART-2","https://affiliate.tiktok.com/api/v1/share/AKqRekw8adJc","https://p16-oec-sg.ibyteimg.com/tos-alisg-i-aphluv4xwc-sg/66e62a10d35241bc95368f53fadd89d7~tplv-aphluv4xwc-resize-jpeg:600:600.jpeg?dr=15584&from=520841845&idc=my&ps=933b5bde&shcp=9f007bb8&shp=1f0b6a75&t=555f072d","WARMHEART-2","8.00%","服饰内睡"
"1735599531601135032","Pantalones Palazzo para Mujer de Cintura Alta Elástica, Tela de Poliéster Extra Suave y Ligera, Diseño de Pierna Ancha Amplia, Corte Elegante y Muy Cómodo, Estilo Versátil Perfecto para Oficina, Paseos, Reuniones y Uso Cotidiano","MX$213.99","Pues Bonita","https://affiliate.tiktok.com/api/v1/share/AL3YjgLTLulh","https://p16-oec-sg.ibyteimg.com/tos-alisg-i-aphluv4xwc-sg/f66afd178bbf48d1b0326cf8afd1e3ab~tplv-aphluv4xwc-resize-jpeg:600:600.jpeg?dr=15584&from=520841845&idc=my&ps=933b5bde&shcp=9f007bb8&shp=1f0b6a75&t=555f072d","Pues Bonita","8.00%","服饰内睡"
"1735347038183720376","WARMHEART Vestido de Fiesta Rojo para Mujer, Maxivestido Elegante con Tirantes Finos y Detalle Fruncido en el Busto, Silueta Acampanada que Favorece la Figura, Perfecto para Eventos Especiales, Cóctel o Cenas Románticas, Look Sofisticado y Atemporal","MX$213.99","Pues Bonita","https://affiliate.tiktok.com/api/v1/share/AL3Ysg2PwONa","https://p16-oec-sg.ibyteimg.com/tos-alisg-i-aphluv4xwc-sg/52b6c1ac8c0a47d6ae4f2047a14b38ab~tplv-aphluv4xwc-resize-jpeg:600:600.jpeg?dr=15584&from=520841845&idc=my&ps=933b5bde&shcp=9f007bb8&shp=1f0b6a75&t=555f072d","Pues Bonita","8.00%","服饰内睡"
"1736107850673456770","Vestido Corto Elegante de Fiesta Mini Vestido con Lazo Cintura Alta Sin Mangas de Poliéster Cómodo Transpirable","MX$183.99","Buena Onda","https://affiliate.tiktok.com/api/v1/share/AL3YjgLUS8Ib","https://p16-oec-sg.ibyteimg.com/tos-alisg-i-aphluv4xwc-sg/00dcca97b51341edb3f1516a740adbdd~tplv-aphluv4xwc-resize-jpeg:600:600.jpeg?dr=15584&from=520841845&idc=my&ps=933b5bde&shcp=9f007bb8&shp=1f0b6a75&t=555f072d","Buena Onda","8.00%","服饰内睡"
"1735997236081230911","Kit Piel Suave 2 en 1 | Grace&Glow Desodorante Serum Roll-on 50ml+Jabón Corporal Amarillito 400ml | Piel Suave y Fresca","MX$288.00","Grace and Glow Mexico","https://affiliate.tiktok.com/api/v1/share/AKrmbrmhdOi2","https://p16-oec-sg.ibyteimg.com/tos-alisg-i-aphluv4xwc-sg/f99f719d037d437c9c06438079341a8c~tplv-aphluv4xwc-resize-jpeg:600:600.jpeg?dr=15584&from=520841845&idc=my&ps=933b5bde&shcp=9f007bb8&shp=1f0b6a75&t=555f072d","Grace and Glow Mexico","11.00%","服饰内睡"
"1735990916744643647","Kit Piel Radiante 2 en 1 | Grace&Glow Desodorante Serum Roll-on+Jabón Corporal Rojito | Piel con Tono Más Uniforme","MX$288.00","Grace and Glow Mexico","https://affiliate.tiktok.com/api/v1/share/AKrmgJYYK7Rs","https://p16-oec-sg.ibyteimg.com/tos-alisg-i-aphluv4xwc-sg/d8905e9bc6e84f839ecafbdd0f63b1ea~tplv-aphluv4xwc-resize-jpeg:600:600.jpeg?dr=15584&from=520841845&idc=my&ps=933b5bde&shcp=9f007bb8&shp=1f0b6a75&t=555f072d","Grace and Glow Mexico","11.00%","美妆个护"
"1733797766473286719","Grace&Glow Jabón Corporal Antiacné – Gel de Ducha Amarillito 400ml | AHA, BHA, PHA y Centella Asiática | Aroma Pera Inglesa & Freesia","MX$143.10-$289.00","Grace and Glow Mexico","https://affiliate.tiktok.com/api/v1/share/AKrmgJjOvlCg","https://p16-oec-sg.ibyteimg.com/tos-alisg-i-aphluv4xwc-sg/8647c1f8124c4b64925fc536362125fb~tplv-aphluv4xwc-resize-jpeg:600:600.jpeg?dr=15584&from=520841845&idc=my&ps=933b5bde&shcp=9f007bb8&shp=1f0b6a75&t=555f072d","Grace and Glow Mexico","11.00%","美妆个护"
"1733167391361172543","Grace&Glow Desodorante Serum Roll-on 50ml Axilas Suaves y Uniformes Control de Mal Olor Niacinamida + AHA Fragancia de Perfume Lujoso para Uso Diario","MX$158.00-$288.00","Grace and Glow Mexico","https://affiliate.tiktok.com/api/v1/share/AKrmgJjQZx1S","https://p16-oec-sg.ibyteimg.com/tos-alisg-i-aphluv4xwc-sg/5a5af09c94eb462abb166f9be5fcfc0a~tplv-aphluv4xwc-resize-jpeg:600:600.jpeg?dr=15584&from=520841845&idc=my&ps=933b5bde&shcp=9f007bb8&shp=1f0b6a75&t=555f072d","Grace and Glow Mexico","11.00%","美妆个护"
"1731591511719707976","GOKOCO LED Máscara PDT Luz 7 Colores Led Máscara Photon Terapia Facial Dispositivos de Cuidado Carga Uso","MX$599.00","GOKOCO.MX","https://affiliate.tiktok.com/api/v1/share/AKtgXkJQrUM2","https://p19-oec-sg.ibyteimg.com/tos-alisg-i-aphluv4xwc-sg/cd58bfd83a89402ab8be7887aafc4ca0~tplv-aphluv4xwc-resize-jpeg:600:600.jpeg?dr=15584&from=520841845&idc=my&ps=933b5bde&shcp=9f007bb8&shp=1f0b6a75&t=555f072d","GOKOCO.MX","9.00%","美妆个护"
"1731591564375197000","【GOKOCO.MX】Masajeador facial eléctrico Dispositivos de belleza facial Gua Sha","MX$219.00-$239.00","GOKOCO.MX","https://affiliate.tiktok.com/api/v1/share/AKtgXii7SQbu","https://p16-oec-sg.ibyteimg.com/tos-alisg-i-aphluv4xwc-sg/f85103496c0c4dd78822d37847e8d2d4~tplv-aphluv4xwc-resize-jpeg:600:600.jpeg?dr=15584&from=520841845&idc=my&ps=933b5bde&shcp=9f007bb8&shp=1f0b6a75&t=555f072d","GOKOCO.MX","9.00%","美妆个护"
"1731762357294631527","【GOOJODOQ】Auriculares estéreo Bluetooth, audio sin pérdida, garantía de calidad, larga duración de batería, compatibles con Bluetooth 5.3 y sistemas iOS/Android.","MX$174.60","GOOJODOQ.MX","https://affiliate.tiktok.com/api/v1/share/AKtgYYCocPq5","https://p16-oec-sg.ibyteimg.com/tos-alisg-i-aphluv4xwc-sg/4b3dfa5920ac4d2fac46d1c09ab90fd8~tplv-aphluv4xwc-resize-jpeg:600:600.jpeg?dr=15584&from=520841845&idc=my&ps=933b5bde&shcp=9f007bb8&shp=1f0b6a75&t=555f072d","GOOJODOQ.MX","9.00%","数码家电"
"1731760910948076135","Regalo para el Mundial【GOOJODOQ】 El proyector HY300 Pro está equipado con Android 11, pantalla grande de 270°, Bluetooth , cámara principal de 1,3 millones de píxeles, admite visualización en 3D, conexión Bluetooth portátil","MX$998.10-$1,219.00","GOOJODOQ.MX","https://affiliate.tiktok.com/api/v1/share/AKtgeqKtYxSh","https://p16-oec-sg.ibyteimg.com/tos-alisg-i-aphluv4xwc-sg/b9978cf46b6949b7b32e60731c02c516~tplv-aphluv4xwc-resize-jpeg:600:600.jpeg?dr=15584&from=520841845&idc=my&ps=933b5bde&shcp=9f007bb8&shp=1f0b6a75&t=555f072d","GOOJODOQ.MX","7.00%","数码家电"
"1734903320561026556","【Regalo Día Madre】Smartwatch X10 WATCH l Reloj inteligente para hombres y mujeres l llamadas Bluetooth l monitoreo de salud deportiva l adecuado para uso diario y deportes","MX$398.00","W&O Mx","https://affiliate.tiktok.com/api/v1/share/AKynvGgSV3P1","https://p16-oec-sg.ibyteimg.com/tos-alisg-i-aphluv4xwc-sg/25d1323118e6403fb27dd3a71bdf5fcc~tplv-aphluv4xwc-resize-jpeg:600:600.jpeg?dr=15584&from=520841845&idc=my2&ps=933b5bde&shcp=6c17ea28&shp=1f0b6a75&t=555f072d","W&O Mx","6.00%","数码家电"
"1731222617547114327","Novaras Chamarra Deportiva para Mujer con Cierre y Cuello Alto Ideal para Uso Diario y Entrenamiento Chaquetas Atléticas Estilo Athleisure","MX$157.00","Novaras","https://affiliate.tiktok.com/api/v1/share/AKuOhlHMcHVY","https://p16-oec-sg.ibyteimg.com/tos-alisg-i-aphluv4xwc-sg/b81431cb21044f88b9d851dfcddfaf71~tplv-aphluv4xwc-resize-jpeg:600:600.jpeg?dr=15584&from=520841845&idc=my&ps=933b5bde&shcp=9f007bb8&shp=1f0b6a75&t=555f072d","Novaras","8.00%","服饰内睡"
"1731226084633315159","Leggings acampanados con control de abdomen | Cintura alta reforzada y efecto moldeador","MX$156.00","Novaras","https://affiliate.tiktok.com/api/v1/share/AKuOhl7or4og","https://p16-oec-sg.ibyteimg.com/tos-alisg-i-aphluv4xwc-sg/37039b1868544311a5d84188420730a1~tplv-aphluv4xwc-resize-jpeg:600:600.jpeg?dr=15584&from=520841845&idc=my&ps=933b5bde&shcp=9f007bb8&shp=1f0b6a75&t=555f072d","Novaras","8.00%","服饰内睡"
"1731582768281257815","Leggings deportivos rectos de alta cintura con control de abdomen | Moldeadores, cómodos y ligeros","MX$115.00","Novaras","https://affiliate.tiktok.com/api/v1/share/AKuOhlHMtO7Y","https://p16-oec-sg.ibyteimg.com/tos-alisg-i-aphluv4xwc-sg/a43d9af6521c4f47af675ffa60d7df98~tplv-aphluv4xwc-resize-jpeg:600:600.jpeg?dr=15584&from=520841845&idc=my&ps=933b5bde&shcp=9f007bb8&shp=1f0b6a75&t=555f072d","Novaras","8.00%","服饰内睡"
"1734398902243723095","Pantalón AuraFlow Wide con bolsillo en la parte de atras, funcional e invisible -Movimiento, estilo y comodidad en una sola prenda, está diseñado para acompañarte en yoga, pilates, caminatas, viajes o en tu día a día.","MX$156.00","Novaras","https://affiliate.tiktok.com/api/v1/share/AKuWpryNXn9Q","https://p16-oec-sg.ibyteimg.com/tos-alisg-i-aphluv4xwc-sg/ad8aa75e4b28414e862eb826db283beb~tplv-aphluv4xwc-resize-jpeg:600:600.jpeg?dr=15584&from=520841845&idc=my&ps=933b5bde&shcp=9f007bb8&shp=1f0b6a75&t=555f072d","Novaras","8.00%","服饰内睡"
"1732526931063310243","LUXSEREN-corsé con espalda descubierta para mujer, Top Sexy con diseño flocado, correas ajustables, perfecto para fiestas, 8 vidas nocturnas, moda","MX$219.99","Luxseren MX","https://affiliate.tiktok.com/api/v1/share/AKud1G32R5F7","https://p16-oec-sg.ibyteimg.com/tos-alisg-i-aphluv4xwc-sg/6cef5c81cb094ef19dbf56ebe29ad322~tplv-aphluv4xwc-resize-jpeg:600:600.jpeg?dr=15584&from=520841845&idc=my&ps=933b5bde&shcp=9f007bb8&shp=1f0b6a75&t=555f072d","Luxseren MX","10.00%","服饰内睡"
"1731793272245946466","EASYCLIN Bolsas al Vacío Transparentes para Ropa y Edredones, Ahorra hasta 80% de Espacio, Bolsas De Almacenamiento，Anti-Humedad y Anti-Olor, Reutilizables para Viaje, Closet y Maletas, Compatibles con Bomba Eléctrica o Manual, Protección contra Polvo, Moho y Ácaros","MX$191.99-$461.69","Easyclin","https://affiliate.tiktok.com/api/v1/share/AKuxDofKKAgd","https://p16-oec-sg.ibyteimg.com/tos-alisg-i-aphluv4xwc-sg/5b1ba827595345eab7dc9ff162d675b1~tplv-aphluv4xwc-resize-jpeg:600:600.jpeg?dr=15584&from=520841845&idc=my&ps=933b5bde&shcp=9f007bb8&shp=1f0b6a75&t=555f072d","Easyclin","8.00%","居家日用"
"1732063619512502730","La aspiradora inalámbrica Trucozie T350 presenta un diseño ligero 8 en 1 con hasta 45 minutos de autonomía y una potente succión de 33 kPa. Esta aspiradora inalámbrica recargable es ideal para alfombras, baldosas, pelo de mascotas y suelos de madera.","MX$1,800.00-$1,900.00","Homeika MX","https://affiliate.tiktok.com/api/v1/share/AKw7JIqRm635","https://p16-oec-sg.ibyteimg.com/tos-alisg-i-aphluv4xwc-sg/4dba08ccabac4485919927aebcf0e8d4~tplv-aphluv4xwc-resize-jpeg:600:600.jpeg?dr=15584&from=520841845&idc=my&ps=933b5bde&shcp=9f007bb8&shp=1f0b6a75&t=555f072d","Homeika MX","6.00%","数码家电"
"1732063965580134858","Homeika Kit Limpieza Mascotas, Aspirador 3 Litros, 99% Potencia Succión, Aspirador Limpieza Mascotas","MX$1,600.00","Homeika MX","https://affiliate.tiktok.com/api/v1/share/AKw7KfcE16QD","https://p16-oec-va.ibyteimg.com/tos-maliva-i-o3syd03w52-us/1ac6fdf356fe43ac83bfc03e5ccf03da~tplv-o3syd03w52-resize-jpeg:600:600.jpeg?dr=15584&from=520841845&idc=my&ps=933b5bde&shcp=9f007bb8&shp=1f0b6a75&t=555f072d","Homeika MX","6.00%","数码家电"
"1732064256622889418","Homeika Motorized Rotary Scrubber, cepillos de limpieza recargables, 440 RPM/90 minutos de funcionamiento, 3 ángulos y tamaños ajustables, 6 cabezales de cepillo intercambiables, 2 velocidades, para cristales de baño, limpieza de coches, bañeras y duchas.","MX$599.00","Homeika MX","https://affiliate.tiktok.com/api/v1/share/AKw7JIP2etHW","https://p16-oec-va.ibyteimg.com/tos-maliva-i-o3syd03w52-us/abf92f7323d744bb95706167a7a5ed52~tplv-o3syd03w52-resize-jpeg:600:600.jpeg?dr=15584&from=520841845&idc=my&ps=933b5bde&shcp=9f007bb8&shp=1f0b6a75&t=555f072d","Homeika MX","6.00%","数码家电"
"1732257067117020785","GaN Cargador 4-en-1 de 120W con Cables Retráctiles Type-C para Smartwatch Smartphones y Tablets Doble Puerto A+C Compatible y Portátil","MX$128.00-$308.00","Click&Tech","https://affiliate.tiktok.com/api/v1/share/AKyaqG0yEqZA","https://p16-oec-sg.ibyteimg.com/tos-alisg-i-aphluv4xwc-sg/7b42cd1375f94aacbfa9a8546c5b745f~tplv-aphluv4xwc-resize-jpeg:600:600.jpeg?dr=15584&from=520841845&idc=my&ps=933b5bde&shcp=9f007bb8&shp=1f0b6a75&t=555f072d","Click&Tech","6.00%","数码家电"
"1735578968955847702","【Regreso a Clases】Stageek Juego de Portaminas Metálicos 0.3 0.5 0.7 0.9 2.0 mm con Minas HB 2H 2B 4B – Set Profesional para Estudiantes, Dibujo y Escritura Diaria","MX$149.00-$419.00","STAGEEK","https://affiliate.tiktok.com/api/v1/share/AL0mUceMcSqr","https://p16-oec-sg.ibyteimg.com/tos-alisg-i-aphluv4xwc-sg/eb8d14d4402e4a8bbacf6102be6a4473~tplv-aphluv4xwc-resize-jpeg:600:600.jpeg?dr=15584&from=520841845&idc=my&ps=933b5bde&shcp=9f007bb8&shp=1f0b6a75&t=555f072d","STAGEEK","8.00%","居家日用"
"1733045776833152644","Aspiradora para coche 4 en 1, aspiradora para coche de doble uso, aspiradora para pelo de mascotas, aspiradora inalámbrica, HZ carga USB.","MX$99.00","Fission Tech","https://affiliate.tiktok.com/api/v1/share/AL0uQFyn4E1K","https://p16-oec-sg.ibyteimg.com/tos-alisg-i-aphluv4xwc-sg/d259cabb438c410f97d254781b6fb1a9~tplv-aphluv4xwc-resize-jpeg:600:600.jpeg?dr=15584&from=520841845&idc=my&ps=933b5bde&shcp=9f007bb8&shp=1f0b6a75&t=555f072d","Fission Tech","10.00%","数码家电"
"1735696288075318912","Mono moldeador Shapellx con escote en V profundo, soporte para el pecho, transpirable, cintura alta y control abdominal","MX$482.00","SHAPELLX","https://affiliate.tiktok.com/api/v1/share/AKzT90lwvSOA","https://p16-oec-sg.ibyteimg.com/tos-alisg-i-aphluv4xwc-sg/8ec34b80cab44c70a8febd3a48eddc89~tplv-aphluv4xwc-resize-jpeg:600:600.jpeg?dr=15584&from=520841845&idc=my2&ps=933b5bde&shcp=6c17ea28&shp=1f0b6a75&t=555f072d","SHAPELLX","10.00%","服饰内睡"
"1735696807451985536","Shorts moldeadores Shapellx para mujer, sin costuras, de cintura alta, con control abdominal y efecto adelgazante en los muslos, ropa interior moldeadora","MX$344.00","SHAPELLX","https://affiliate.tiktok.com/api/v1/share/AKzT2MpVjLyq","https://p16-oec-va.ibyteimg.com/tos-maliva-i-o3syd03w52-us/73281b3927164ccdb2e3886ec5f500ba~tplv-o3syd03w52-resize-jpeg:600:600.jpeg?dr=15584&from=520841845&idc=my2&ps=933b5bde&shcp=6c17ea28&shp=1f0b6a75&t=555f072d","SHAPELLX","10.00%","服饰内睡"
"1735707861633500800","SHAPELLX mono/romper ajustado con elasticidad, escote en V profundo, control de abdomen, corte boyleg","MX$516.00","SHAPELLX","https://affiliate.tiktok.com/api/v1/share/AKzT90lxCKWl","https://p16-oec-va.ibyteimg.com/tos-maliva-i-o3syd03w52-us/1ea195c569854160b3996c7d876dc35f~tplv-o3syd03w52-resize-jpeg:600:600.jpeg?dr=15584&from=520841845&idc=my2&ps=933b5bde&shcp=6c17ea28&shp=1f0b6a75&t=555f072d","SHAPELLX","10.00%","服饰内睡"
"1735926550282404961","BRXL jeans vaqueros elásticos de cintura alta con corte cruzado para mujer, estilo jeggings acampanados y corte bootcut con bolsillos, modernos y favorecedores #Streetwear #divertidoal aire libre #TikTokShopSpringGlowUp #TikTokShopFashion 1","MX$558.99","BRXL","https://affiliate.tiktok.com/api/v1/share/AL1L5IBIpyTt","https://p16-oec-sg.ibyteimg.com/tos-alisg-i-aphluv4xwc-sg/1c16989ae1064cea980136c3fed7ac41~tplv-aphluv4xwc-resize-jpeg:600:600.jpeg?dr=15584&from=520841845&idc=my2&ps=933b5bde&shcp=6c17ea28&shp=1f0b6a75&t=555f072d","BRXL","9.00%","服饰内睡"
"1735981357215417441","BRXL leggings tipo jegging para mujer de cintura alta con diseño cruzado y bolsillos traseros, leggings de denim elásticos con diseño de cintura cruzada en V para control abdominal y ajuste impecable #Streetwear #divertidoal aire libre #vibesdeverano #conjuntoplaya #mexico 2026 jersey","MX$558.99","BRXL","https://affiliate.tiktok.com/api/v1/share/AL1L7R7b8hh5","https://p16-oec-sg.ibyteimg.com/tos-alisg-i-aphluv4xwc-sg/06ff0f1299404c15990d3d935fd16856~tplv-aphluv4xwc-resize-jpeg:600:600.jpeg?dr=15584&from=520841845&idc=my2&ps=933b5bde&shcp=6c17ea28&shp=1f0b6a75&t=555f072d","BRXL","9.00%","服饰内睡"
"1735982056325350497","Mono de denim sintético BRXL para mujer con faja integrada y control abdominal, corte ceñido con piernas acampanadas y cremallera bronceada; body casual de moda #SummerVibes #BeachOutfit, camiseta Lady Summer Wins México 2026","MX$758.99","BRXL","https://affiliate.tiktok.com/api/v1/share/AL1LBtVyb3B9","https://p16-oec-sg.ibyteimg.com/tos-alisg-i-aphluv4xwc-sg/3e0a7d63e4c24b52a2f0779f58d76bdc~tplv-aphluv4xwc-resize-jpeg:600:600.jpeg?dr=15584&from=520841845&idc=my2&ps=933b5bde&shcp=6c17ea28&shp=1f0b6a75&t=555f072d","BRXL","9.00%","服饰内睡"
"1735990941604611169","BRXL Pantalones de yoga de tejido licra con realce de glúteos sin costura frontal cintura alta y transpirables control abdominal leggings para gimnasio y correr sin costuras#Pilatest # #EntrenamientoDeGimnasio #TikTokMeLoCompré #DiversiónAlAireLibre#mexico 2026 jersey","MX$399.99-$869.99","BRXL","https://affiliate.tiktok.com/api/v1/share/AL1L5IBJ75KL","https://p16-oec-sg.ibyteimg.com/tos-alisg-i-aphluv4xwc-sg/15095c805c3640a598d5cc933cf03ea6~tplv-aphluv4xwc-resize-jpeg:600:600.jpeg?dr=15584&from=520841845&idc=my2&ps=933b5bde&shcp=6c17ea28&shp=1f0b6a75&t=555f072d","BRXL","9.00%","服饰内睡"
"1735534005140948113","Cable de carga rápida en espiral con aromaterapia — Tienda NIUMO (240 W) — 4 en 1 — 2 metros de longitud — Compatible con Apple, Android y Tipo C — Cable de datos","MX$369.00","NIUMO SHOP-MX","https://affiliate.tiktok.com/api/v1/share/AL1PzoYj4tnJ","https://p16-oec-sg.ibyteimg.com/tos-alisg-i-aphluv4xwc-sg/8a1078f45f464ec095850272733ee917~tplv-aphluv4xwc-resize-jpeg:600:600.jpeg?dr=15584&from=520841845&idc=my2&ps=933b5bde&shcp=6c17ea28&shp=1f0b6a75&t=555f072d","NIUMO SHOP-MX","10.00%","数码家电"
"1736014587083261073","NIUMO Official Store X9 “CHUANG”, carga rápida GaN de baja temperatura, cargador rápido multipuerto 4 en 1, compatible con iPhone, Huawei, vivo, OPPO y todos los dispositivos Android, compatible con todos los protocolos de carga rápida.","MX$398.00","NIUMO SHOP-MX","https://affiliate.tiktok.com/api/v1/share/AL1Q7Jfbp2s8","https://p16-oec-sg.ibyteimg.com/tos-alisg-i-aphluv4xwc-sg/48d831f54f064918a999df8a1b237aca~tplv-aphluv4xwc-resize-jpeg:600:600.jpeg?dr=15584&from=520841845&idc=my2&ps=933b5bde&shcp=6c17ea28&shp=1f0b6a75&t=555f072d","NIUMO SHOP-MX","10.00%","数码家电"
"1731128973454771345","Recortador de vello nasal NIUMO: pequeño, preciso y portátil. Regalo. Necesidades de la vida diaria","MX$124.00-$143.90","NIUMO SHOP-MX","https://affiliate.tiktok.com/api/v1/share/AL1PzoC9y62S","https://p16-oec-sg.ibyteimg.com/tos-alisg-i-aphluv4xwc-sg/debea4651e7b4f459eb6366e731e4fd0~tplv-aphluv4xwc-resize-jpeg:600:600.jpeg?dr=15584&from=520841845&idc=my2&ps=933b5bde&shcp=6c17ea28&shp=1f0b6a75&t=555f072d","NIUMO SHOP-MX","10.00%","数码家电"
"1731532016235480209","Luz de relleno para celular, con brillo y temperatura de color ajustables. También incluye 7 colores diferentes controlables. Batería integrada de 50 mAh.","MX$99.00","NIUMO SHOP-MX","https://affiliate.tiktok.com/api/v1/share/AL1PzoYnCoAD","https://p16-oec-sg.ibyteimg.com/tos-alisg-i-aphluv4xwc-sg/0e5c4ddc572e43d09e1c6f05070a57c3~tplv-aphluv4xwc-resize-jpeg:600:600.jpeg?dr=15584&from=520841845&idc=my2&ps=933b5bde&shcp=6c17ea28&shp=1f0b6a75&t=555f072d","NIUMO SHOP-MX","10.00%","数码家电"
"1731567358357898385","Lentes sin marco que cambian de color al sol ️ | Protegen contra rayos UV y luz azul | Estilo moderno y combinan con todo","MX$129.00","NIUMO SHOP-MX","https://affiliate.tiktok.com/api/v1/share/AL1PzoildgyY","https://p16-oec-sg.ibyteimg.com/tos-alisg-i-aphluv4xwc-sg/82257f40ade743f98f3c9ceeea9581cf~tplv-aphluv4xwc-resize-jpeg:600:600.jpeg?dr=15584&from=520841845&idc=my2&ps=933b5bde&shcp=6c17ea28&shp=1f0b6a75&t=555f072d","NIUMO SHOP-MX","10.00%","居家日用"
"1732032138560242833","NIUMO Cable de Carga USB Tipo-C 4-en-1 con Silicona Líquida y Aluminio 240W Carga Rápida con Luces LED para Múltiples Dispositivos","MX$79.99","NIUMO SHOP-MX","https://affiliate.tiktok.com/api/v1/share/AL1PzoCBtPWm","https://p16-oec-sg.ibyteimg.com/tos-alisg-i-aphluv4xwc-sg/ff71d23261d943f98429b5f41bb8fd80~tplv-aphluv4xwc-resize-jpeg:600:600.jpeg?dr=15584&from=520841845&idc=my2&ps=933b5bde&shcp=6c17ea28&shp=1f0b6a75&t=555f072d","NIUMO SHOP-MX","10.00%","数码家电"
"1731884594347279965","【Live】SACE LADY Polvo Compacto Fijador Mate para Maquillaje 10g Acabado Suave y Control de Aceite","MX$199.00","SACE LADY MX","https://affiliate.tiktok.com/api/v1/share/AL4yCqbudldR","https://p16-oec-sg.ibyteimg.com/tos-alisg-i-aphluv4xwc-sg/0fb3ee4f4c7643fb852244d6a59dd00b~tplv-aphluv4xwc-resize-jpeg:600:600.jpeg?dr=15584&from=520841845&idc=my2&ps=933b5bde&shcp=6c17ea28&shp=1f0b6a75&t=555f072d","SACE LADY MX","10.00%","美妆个护"
"1733220217906693725","【Live】SACE LADY Flawless Master Polvo Facial – Control de Brillos, Protección Solar SPF30 PA+++ y Resistente al Agua","MX$259.00","SACE LADY MX","https://affiliate.tiktok.com/api/v1/share/AL4yCsUIS42q","https://p16-oec-sg.ibyteimg.com/tos-alisg-i-aphluv4xwc-sg/8e18196a2d2640e1859ceca9bd2f5b6a~tplv-aphluv4xwc-resize-jpeg:600:600.jpeg?dr=15584&from=520841845&idc=my2&ps=933b5bde&shcp=6c17ea28&shp=1f0b6a75&t=555f072d","SACE LADY MX","10.00%","美妆个护"
"1731175520685426269","SACE LADY Pestañas Postizas Autoadhesivas Sin Pegamento Se Aplican en 3 Segundos Reutilizables y Fáciles para Principiantes","MX$139.00","SACE LADY MX","https://affiliate.tiktok.com/api/v1/share/AL4yCqc7Yy1F","https://p16-oec-sg.ibyteimg.com/tos-alisg-i-aphluv4xwc-sg/9409e0511fc940c489272ffb2aa30255~tplv-aphluv4xwc-resize-jpeg:600:600.jpeg?dr=15584&from=520841845&idc=my2&ps=933b5bde&shcp=6c17ea28&shp=1f0b6a75&t=555f072d","SACE LADY MX","10.00%","美妆个护"
"1731886851018623581","Hot Sale SACE LADY Air Cushion – Labial y Rubor en Crema, Acabado Mate Aterciopelado, Textura Sedosa y Multiusos","MX$149.00","SACE LADY MX","https://affiliate.tiktok.com/api/v1/share/AL4yCsUVvQUG","https://p16-oec-sg.ibyteimg.com/tos-alisg-i-aphluv4xwc-sg/e9f84fd83a474075b0c827ca3d158738~tplv-aphluv4xwc-resize-jpeg:600:600.jpeg?dr=15584&from=520841845&idc=my2&ps=933b5bde&shcp=6c17ea28&shp=1f0b6a75&t=555f072d","SACE LADY MX","10.00%","美妆个护"
"1732264477761635933","SACE LADY Kit de Tinte para Cejas – Color Duradero hasta 4 Semanas, Resistente al Agua y Sudor, Fórmula Vegana Sin Amoníaco para Uso en Casa","MX$249.00","SACE LADY MX","https://affiliate.tiktok.com/api/v1/share/AL4yCqcQoRbk","https://p16-oec-sg.ibyteimg.com/tos-alisg-i-aphluv4xwc-sg/68e97e89da8e47ef98868914431bf06c~tplv-aphluv4xwc-resize-jpeg:600:600.jpeg?dr=15584&from=520841845&idc=my2&ps=933b5bde&shcp=6c17ea28&shp=1f0b6a75&t=555f072d","SACE LADY MX","10.00%","美妆个护"
"1735807538073142583","LANOMIZ sujetador de gel para mujer, copa completa, sin aros con soporte sin costuras, efecto push-up, tallas grandes, cómodo y suave; ideal para camisetas y uso diario, con tirantes.","MX$99.00-$258.00","Lanomiz Lencería","https://affiliate.tiktok.com/api/v1/share/AL8PLbMYwg6Q","https://p16-oec-sg.ibyteimg.com/tos-alisg-i-aphluv4xwc-sg/dfe45ecaf6944283988484a51dd0b5cd~tplv-aphluv4xwc-resize-jpeg:600:600.jpeg?dr=15584&from=520841845&idc=my&ps=933b5bde&shcp=9f007bb8&shp=1f0b6a75&t=555f072d","Lanomiz Lencería","10.00%","服饰内睡"
"1731764663517742909","【Compra 1 y llévate 1 gratis】Gel Umex para Relajar Zonas de Tensión – Cuidado Diario con Extractos Naturales – Textura Ligera, 50g","MX$329.00","Umex Beauty MX","https://affiliate.tiktok.com/api/v1/share/ALAGAmWfdOBT","https://p16-oec-sg.ibyteimg.com/tos-alisg-i-aphluv4xwc-sg/c78bb1234ee24f529c575bc88ba9c7f2~tplv-aphluv4xwc-resize-jpeg:600:600.jpeg?dr=15584&from=520841845&idc=my&ps=933b5bde&shcp=9f007bb8&shp=1f0b6a75&t=555f072d","Umex Beauty MX","18.00%","美妆个护"
"1731491661423609661","Umex Bruma Botánica para Pies – Fórmula Ligera con Aceite de Árbol de Té – Toque Natural y Fresco – 100ml","MX$199.00-$299.00","Umex Beauty MX","https://affiliate.tiktok.com/api/v1/share/ALAG7ycre9s9","https://p16-oec-sg.ibyteimg.com/tos-alisg-i-aphluv4xwc-sg/21dd838132fe4217af9b1a2c0c5809a1~tplv-aphluv4xwc-resize-jpeg:600:600.jpeg?dr=15584&from=520841845&idc=my&ps=933b5bde&shcp=9f007bb8&shp=1f0b6a75&t=555f072d","Umex Beauty MX","18.00%","美妆个护"
"1731908613618173096","Gypsophila Shampoo con Aceite de Batana y Romero -Limpieza Suave y Voluminizadora - Nutre y Fortalece elCabello (300 ml/10.14 fl oz)","MX$199.00","Gypsophila Care","https://affiliate.tiktok.com/api/v1/share/ALAG2a9rFJRF","https://p16-oec-sg.ibyteimg.com/tos-alisg-i-aphluv4xwc-sg/ed8613d1175a41f69693717f89b28a71~tplv-aphluv4xwc-resize-jpeg:600:600.jpeg?dr=15584&from=520841845&idc=my&ps=933b5bde&shcp=9f007bb8&shp=1f0b6a75&t=555f072d","Gypsophila Care","18.00%","美妆个护"
"1731891026150065320","Gypsophila Aceite de Batana con Romero para Cuidado Capilar – Nutre el Cuero Cabelludo, Aporta Frescura y Suavidad al Cabello | Tratamiento Capilar con Aceite Esencial de Romero | Cabello Sano y de Apariencia Saludable","MX$159.00","Gypsophila Care","https://affiliate.tiktok.com/api/v1/share/ALAGAmWgBFFd","https://p16-oec-sg.ibyteimg.com/tos-alisg-i-aphluv4xwc-sg/c6b6b3af4cfe4d56b122d63df4b658a1~tplv-aphluv4xwc-resize-jpeg:600:600.jpeg?dr=15584&from=520841845&idc=my&ps=933b5bde&shcp=9f007bb8&shp=1f0b6a75&t=555f072d","Gypsophila Care","18.00%","美妆个护"
"1732141536691455689","MYBODY Pezoneras Adhesivas Invisibles 2026 Elevación Instantánea y Aumento de Volumen - Reutilizables y Cómodas - Sin Marcas ni Costuras - Perfectas para Vestidos y Ropa Ajustada","MX$259.00","MY BODY BEAUTY","https://affiliate.tiktok.com/api/v1/share/ALAG7ycsCEo3","https://p16-oec-sg.ibyteimg.com/tos-alisg-i-aphluv4xwc-sg/5ef388ead0834ecab76142fbe225b0ea~tplv-aphluv4xwc-resize-jpeg:600:600.jpeg?dr=15584&from=520841845&idc=my&ps=933b5bde&shcp=9f007bb8&shp=1f0b6a75&t=555f072d","MY BODY BEAUTY","18.00%","服饰内睡"
"1736204353626277086","ECOISM Faja Moldeadora Short para Mujer, Cintura Alta Seamless con Control de Abdomen y Levanta Glúteos, Moldea Cintura, Caderas y Muslos, Varillas Flexibles Antienrollamiento, Invisible Bajo la Ropa, Ideal para Uso Diario","MX$125.00-$220.00","ECOISM","https://affiliate.tiktok.com/api/v1/share/ALAiendlPu1O","https://p16-oec-sg.ibyteimg.com/tos-alisg-i-aphluv4xwc-sg/c35265b0a4104480b90db8ae9d4050bc~tplv-aphluv4xwc-resize-jpeg:600:600.jpeg?dr=15584&from=520841845&idc=my&ps=933b5bde&shcp=9f007bb8&shp=1f0b6a75&t=555f072d","ECOISM","8.00%","服饰内睡"
"1733591675587953886","ECOISM Leggings informales de pierna ancha para mujer, de talle alto, con control de abdomen, efecto adelgazante, tejido elástico y transpirable que se adapta perfectamente al cuerpo y es tan suave como la piel. Ideales para todas las estaciones, para uso diario y actividades al aire libre JYMK025","MX$150.00-$165.00","ECOISM","https://affiliate.tiktok.com/api/v1/share/ALAiemsmWs6w","https://p16-oec-sg.ibyteimg.com/tos-alisg-i-aphluv4xwc-sg/ce1d6cfb711f43c3843e76943b7b24e6~tplv-aphluv4xwc-resize-jpeg:600:600.jpeg?dr=15584&from=520841845&idc=my&ps=933b5bde&shcp=9f007bb8&shp=1f0b6a75&t=555f072d","ECOISM","8.00%","服饰内睡"
"1733476562505663710","ECOISM Chamarra Deportiva para Mujer con Cierre y Cuello Alto – Cómoda y Estilizada | Regalo Ideal para Navidad, Fin de Año y San Valentín | Ropa Deportiva Interior y Exterior MTWT01 Yoga|Gym|Running|Tenis|Golf","MX$158.00","ECOISM","https://affiliate.tiktok.com/api/v1/share/ALElfzXyGvLg","https://p16-oec-sg.ibyteimg.com/tos-alisg-i-aphluv4xwc-sg/3dfa3d37505a47928ac21d02149129a8~tplv-aphluv4xwc-resize-jpeg:600:600.jpeg?dr=15584&from=520841845&idc=my&ps=933b5bde&shcp=9f007bb8&shp=1f0b6a75&t=555f072d","ECOISM","8.00%","服饰内睡"
"1733516744103331038","ECOISM Camiseta deportiva de cuello redondo sólido para mujer, camiseta casual de manga corta con cuello redondo para uso diario al aire libre, ropa deportiva para mujer para uso interior y exterior JYMD027 Yoga|Gym|Running|Tenis|Golf","MX$143.00","ECOISM","https://affiliate.tiktok.com/api/v1/share/ALElg0fivFj9","https://p16-oec-sg.ibyteimg.com/tos-alisg-i-aphluv4xwc-sg/ff4bf69af6904a0c939c4cae0ecf00ac~tplv-aphluv4xwc-resize-jpeg:600:600.jpeg?dr=15584&from=520841845&idc=my&ps=933b5bde&shcp=9f007bb8&shp=1f0b6a75&t=555f072d","ECOISM","8.00%","服饰内睡"
"1731478022735169148","[Éxito de ventas]QUARXERY Original y Oficial Gel de baño limpiador mite y mcne - Gel de baño para el acné gel de ducha limpiador antiácaros bacterianos","MX$179.00-$398.00","QUARXERY Acne Expert","https://affiliate.tiktok.com/api/v1/share/ALBod1tsgUap","https://p16-oec-sg.ibyteimg.com/tos-alisg-i-aphluv4xwc-sg/5fff969cef42478bbed6ea9e0ac5c8ae~tplv-aphluv4xwc-resize-jpeg:600:600.jpeg?dr=15584&from=520841845&idc=my&ps=933b5bde&shcp=9f007bb8&shp=1f0b6a75&t=555f072d","QUARXERY Acne Expert","10.00%","美妆个护"
"1735558218461578876","[perawatan rambut] QUARXERY Jabón champú herbal nutritivo y anticaída - POLYGONUM MOLTIFLORUM+CAMELLIA JAPONICA+OLEA EUROPAEA - Anticaída, raíz del cabello fuerte","MX$168","QUARXERY Acne Expert","https://affiliate.tiktok.com/api/v1/share/ALBod1QaQON4","https://p16-oec-sg.ibyteimg.com/tos-alisg-i-aphluv4xwc-sg/69ed51cdf98e43cc854e201ab4d7a226~tplv-aphluv4xwc-resize-jpeg:600:600.jpeg?dr=15584&from=520841845&idc=my&ps=933b5bde&shcp=9f007bb8&shp=1f0b6a75&t=555f072d","QUARXERY Acne Expert","10.00%","保健"
"1735559033266996860","QUARXERY Mascarilla de burbujas limpiadora para el acné - Niacinamida + CICA + Ácido salicílico, limpiador facial, limpiador para el acné","MX$228","QUARXERY Acne Expert","https://affiliate.tiktok.com/api/v1/share/ALBod1tsxLfP","https://p16-oec-sg.ibyteimg.com/tos-alisg-i-aphluv4xwc-sg/718f2593984c491f911d9d4604970fee~tplv-aphluv4xwc-resize-jpeg:600:600.jpeg?dr=15584&from=520841845&idc=my&ps=933b5bde&shcp=9f007bb8&shp=1f0b6a75&t=555f072d","QUARXERY Acne Expert","10.00%","美妆个护"
"1735687187084969596","Gel de higiene íntima probiótico QUARXERY - Ingredientes calmantes e iluminadores con Centella asiática - Gel de higiene íntima con pH equilibrado para frescura y confort diarios - Oferta especial de lanzamiento de nuevo producto","MX$288","QUARXERY Acne Expert","https://affiliate.tiktok.com/api/v1/share/ALBod1QahI38","https://p16-oec-sg.ibyteimg.com/tos-alisg-i-aphluv4xwc-sg/30d24ddc2d4a477dbbb48c307550fccd~tplv-aphluv4xwc-resize-jpeg:600:600.jpeg?dr=15584&from=520841845&idc=my&ps=933b5bde&shcp=9f007bb8&shp=1f0b6a75&t=555f072d","QUARXERY Acne Expert","10.00%","美妆个护"
"1734483708634760912","Springoirgin Mascarilla de Colágeno para el Cabello- Repara Cabello Seco y Dañado - Nutrición Profunda y Brillo Intenso，Tratamiento Intensivo de Reparación Profunda, para Todo Tipo de Cabello, Plex Forte para Cabello, Ideal para Cabello Liso#Seasonal trend①","MX$168.90-$449.90","sping origin","https://affiliate.tiktok.com/api/v1/share/ALBodYYo5Or6","https://p16-oec-sg.ibyteimg.com/tos-alisg-i-aphluv4xwc-sg/c71a85b1e8174621b814df05abcfd24a~tplv-aphluv4xwc-resize-jpeg:600:600.jpeg?dr=15584&from=520841845&idc=my&ps=933b5bde&shcp=9f007bb8&shp=1f0b6a75&t=555f072d","sping origin","10.00%","服饰内睡"
"1734495460997367504","SpringOrigin Aplicador multifuncional para definir las facciones del rostro. Herramienta mágica de sombreado que permite corregir la línea del cabello, la frente y las sienes, rellenando las zonas con poco cabello al aplicar partículas finas #Seasonal trend①","MX$199.80","sping origin","https://affiliate.tiktok.com/api/v1/share/ALBodYHco5qh","https://p16-oec-sg.ibyteimg.com/tos-alisg-i-aphluv4xwc-sg/8509b39aac8141c7b2a0ea1f57f6d4a1~tplv-aphluv4xwc-resize-jpeg:600:600.jpeg?dr=15584&from=520841845&idc=my&ps=933b5bde&shcp=9f007bb8&shp=1f0b6a75&t=555f072d","sping origin","10.00%","服饰内睡"
"1734873061028955856","Sérum Anticaída con Aceites Naturales | Fortalece Folículos, Reduce la Caída y Acelera el Crecimiento del Cabello y Barba con Triple Acción Nutritiva#Seasonal trend①","MX$129.00-$1,499.00","sping origin","https://affiliate.tiktok.com/api/v1/share/ALBodYtg9i9n","https://p16-oec-sg.ibyteimg.com/tos-alisg-i-aphluv4xwc-sg/9cb06dcc628f4156a266a753f8762373~tplv-aphluv4xwc-resize-jpeg:600:600.jpeg?dr=15584&from=520841845&idc=my&ps=933b5bde&shcp=9f007bb8&shp=1f0b6a75&t=555f072d","sping origin","10.00%","服饰内睡"
"1734900590507230662","1 Pieza Paraguas Automático de Plegado Rápido,Impermeable y Resistente al Viento,Con 60 o 24 Varillas,Protección UV,Ideal para Lluvia y Sol,Hombres y Mujeres","MX$108.00-$168.00","COLO2026","https://affiliate.tiktok.com/api/v1/share/ALBtwwxXnu5g","https://p16-oec-va.ibyteimg.com/tos-maliva-i-o3syd03w52-us/b8d95903482d42c2820cf7e360dde9b0~tplv-o3syd03w52-resize-jpeg:600:600.jpeg?dr=15584&from=520841845&idc=my&ps=933b5bde&shcp=9f007bb8&shp=1f0b6a75&t=555f072d","COLO2026","8.00%","居家日用"
"1734513162302555393","Protector de colchón hipoalergénico, Grueso y elástico. Fácil de Limpiar y Duradero. Suave y cómodo Cubre Colchón Individual Matrimonial Queen King Sábanas para Cajones Hecho en México","MX$239.00-$358.00","COLORIDO","https://affiliate.tiktok.com/api/v1/share/ALBtwvoelAMY","https://p16-oec-sg.ibyteimg.com/tos-alisg-i-aphluv4xwc-sg/663f85666f1046e2b5d6bd7dfaf5064b~tplv-aphluv4xwc-resize-jpeg:600:600.jpeg?dr=15584&from=520841845&idc=my&ps=933b5bde&shcp=9f007bb8&shp=1f0b6a75&t=555f072d","COLORIDO","8.00%","居家日用"
"1736323741627352518","Protector De Colchón 1 Pieza Ajustable Suave Y Transpirable,Hipoalergénico,Para Cama Individual Matrimonial Queen Y King","MX$199.00-$309.00","COLO2026","https://affiliate.tiktok.com/api/v1/share/ALBtwx3asZG5","https://p16-oec-sg.ibyteimg.com/tos-alisg-i-aphluv4xwc-sg/cdac69aaa5b54c19b724cb5a8993b40e~tplv-aphluv4xwc-resize-jpeg:600:600.jpeg?dr=15584&from=520841845&idc=my&ps=933b5bde&shcp=9f007bb8&shp=1f0b6a75&t=555f072d","COLO2026","8.00%","居家日用"
"1735564544109806908","Flynew Shilajit Ultra de Potencia Óptima 60 Cápsulas Hecho en EE. UU. con Minerales Esenciales para el Envejecimiento Saludable y el Apoyo al Sistema Inmunológico – Cuidado de la Salud","MX$299.00-$1,799.00","FLYNEW S.A.","https://affiliate.tiktok.com/api/v1/share/ALDYiw1hu380","https://p16-oec-sg.ibyteimg.com/tos-alisg-i-aphluv4xwc-sg/316e22331e894926baac5e74ed50d324~tplv-aphluv4xwc-resize-jpeg:600:600.jpeg?dr=15584&from=520841845&idc=my&ps=933b5bde&shcp=9f007bb8&shp=1f0b6a75&t=555f072d","FLYNEW S.A.","14.00%","保健"
"1735563799686251836","Shilajit Ultra de Potencia Óptima 60 Cápsulas Hecho en EE. UU. con Minerales Esenciales para el Envejecimiento Saludable y el Apoyo al Sistema Inmunológico – Cuidado de la Salud","MX$299.00-$1,799.00","FLYNEW S.A.","https://affiliate.tiktok.com/api/v1/share/ALDYivUirGZ1","https://p16-oec-sg.ibyteimg.com/tos-alisg-i-aphluv4xwc-sg/3825d90a4f1f422ea12b7680eb1bb488~tplv-aphluv4xwc-resize-jpeg:600:600.jpeg?dr=15584&from=520841845&idc=my&ps=933b5bde&shcp=9f007bb8&shp=1f0b6a75&t=555f072d","FLYNEW S.A.","14.00%","保健"
"1733182508383831356","Flynew Shilajit Ultra de Potencia Óptima 60 Cápsulas Hecho en EE. UU. con Minerales Esenciales para el Envejecimiento Saludable y el Apoyo al Sistema Inmunológico – Cuidado de la Salud","MX$299.00-$1,799.00","FLYNEW S.A.","https://affiliate.tiktok.com/api/v1/share/ALG5snU8ai5P","https://p16-oec-sg.ibyteimg.com/tos-alisg-i-aphluv4xwc-sg/e77eeafa3b59497084a53e13f0c262db~tplv-aphluv4xwc-resize-jpeg:600:600.jpeg?dr=15584&from=520841845&idc=my&ps=933b5bde&shcp=9f007bb8&shp=1f0b6a75&t=555f072d","FLYNEW S.A.","15.00%","保健"
"1736138867579520081","2 Panele Cortinas Blackout Para Ventana 107x160cm / 125x200cm / 150x200cm /Habitacion,Sala marco decorativo, aislamiento térmico, reducción de ruido y tejido impermeable ,diseño moderno,Ideales para dormitorios y salas de estar.Disponible en varios colores y tamaños.","MX$158.00-$298.00","Clove Meringue Veil","https://affiliate.tiktok.com/api/v1/share/ALFiljWUt43k","https://p16-oec-sg.ibyteimg.com/tos-alisg-i-aphluv4xwc-sg/f8888c9e8bcb49e0bab3a673fd746ce1~tplv-aphluv4xwc-resize-jpeg:600:600.jpeg?dr=15584&from=520841845&idc=my&ps=933b5bde&shcp=9f007bb8&shp=1f0b6a75&t=555f072d","Clove Meringue Veil","11.00%","居家日用"
"1735698904811471953","Cortinas Blackout 2 Paneles Para Ventana | Oscuridad Total, Aislante Térmico, Privacidad Para Sala y Recámara","MX$158.00-$258.00","Clove Meringue Veil","https://affiliate.tiktok.com/api/v1/share/ALFiljc5MgLc","https://p16-oec-sg.ibyteimg.com/tos-alisg-i-aphluv4xwc-sg/ad4cef9c96f24609ae877bf6df4f7dc6~tplv-aphluv4xwc-resize-jpeg:600:600.jpeg?dr=15584&from=520841845&idc=my&ps=933b5bde&shcp=9f007bb8&shp=1f0b6a75&t=555f072d","Clove Meringue Veil","11.00%","居家日用"
"1734901208409016063","Jiditech Soporte para altavoz inalámbrico con inducción, soporte para celular 5 en 1, batería externa recargable de emergencia de , soporte ajustable de 360° para tabletas y móviles con luz ambiental colorida. Regalos para hombres y mujeres.","MX$209.00","Mancherster","https://affiliate.tiktok.com/api/v1/share/ALFjjIEpz3lb","https://p16-oec-sg.ibyteimg.com/tos-alisg-i-aphluv4xwc-sg/805269b640eb47698324051a370f0112~tplv-aphluv4xwc-resize-jpeg:600:600.jpeg?dr=15584&from=520841845&idc=my&ps=933b5bde&shcp=9f007bb8&shp=1f0b6a75&t=555f072d","Mancherster","5.00%","数码家电"
"1734090413714605823","【Último modelo 2026】Cargador rápido cable de carga Incluye un cable USB-C 4 en 1, de 27W y 65W, con conectores Tipo-C y , adecuado para el uso diario y compatible con todos los dispositivos.","MX$109.00","Mancherster","https://affiliate.tiktok.com/api/v1/share/ALFjmgb6JWgW","https://p16-oec-sg.ibyteimg.com/tos-alisg-i-aphluv4xwc-sg/360d02fdb92c4703a8cc04f150f2d7c2~tplv-aphluv4xwc-resize-jpeg:600:600.jpeg?dr=15584&from=520841845&idc=my&ps=933b5bde&shcp=9f007bb8&shp=1f0b6a75&t=555f072d","Mancherster","5.00%","数码家电"
"1735637679010842367","【Nuevo modelo 2026】Palo selfie multifuncional, ligero y portátil, corrección automática por IA, control remoto Bluetooth desmontable, batería de alta capacidad, plegable, adecuado para transmisiones en vivo, grabación de video, actividades de influencers, etc., unisex.","MX$346.00","Mancherster","https://affiliate.tiktok.com/api/v1/share/ALFjjI19wFAh","https://p16-oec-sg.ibyteimg.com/tos-alisg-i-aphluv4xwc-sg/239c3784f90a44ce95396b107453f664~tplv-aphluv4xwc-resize-jpeg:600:600.jpeg?dr=15584&from=520841845&idc=my&ps=933b5bde&shcp=9f007bb8&shp=1f0b6a75&t=555f072d","Mancherster","5.00%","数码家电"
"1734746095216854783","Jiditech El reloj inteligente FIT5 cuenta con una gran pantalla de 2,04 pulgadas y una correa deportiva. La esfera es personalizable, lo que lo convierte en un accesorio elegante apto tanto para hombres como para mujeres.","MX$160.00-$185.00","Mancherster","https://affiliate.tiktok.com/api/v1/share/ALFjmgOIRA3M","https://p16-oec-sg.ibyteimg.com/tos-alisg-i-aphluv4xwc-sg/d79190c3a971413b942dcdf4a37033f2~tplv-aphluv4xwc-resize-jpeg:600:600.jpeg?dr=15584&from=520841845&idc=my&ps=933b5bde&shcp=9f007bb8&shp=1f0b6a75&t=555f072d","Mancherster","5.00%","数码家电"
"1736329203553502975","Jiditech Trípode Bluetooth Jiditech con palo selfie, apertura y cierre automáticos, no daña las uñas, no requiere operación manual, 1740 mm, incluye control remoto, ideal para vlogs y selfies.","MX$159.00","Mancherster","https://affiliate.tiktok.com/api/v1/share/ALFjmgHogkix","https://p16-oec-sg.ibyteimg.com/tos-alisg-i-aphluv4xwc-sg/a5e26ca2fe92437695422a1218e1c643~tplv-aphluv4xwc-resize-jpeg:600:600.jpeg?dr=15584&from=520841845&idc=my&ps=933b5bde&shcp=9f007bb8&shp=1f0b6a75&t=555f072d","Mancherster","5.00%","数码家电"
"1736549911963928319","Jiditech R12 Los auriculares Bluetooth más pequeños, con resistencia al agua IPX5, batería de larga duración, compatibilidad con sistemas iPhone y Android y cancelación pasiva de ruido, los hacen adecuados para la oficina, el ejercicio y el estudio.","MX$129.00","Mancherster","https://affiliate.tiktok.com/api/v1/share/ALFjjHtrJghL","https://p16-oec-sg.ibyteimg.com/tos-alisg-i-aphluv4xwc-sg/043d9357177a4ad88e40a3d285b91fcc~tplv-aphluv4xwc-resize-jpeg:600:600.jpeg?dr=15584&from=520841845&idc=my&ps=933b5bde&shcp=9f007bb8&shp=1f0b6a75&t=555f072d","Mancherster","5.00%","数码家电"
"1735882300487337066","Jiditech Smartwatch Reloj Inteligente Bluetooth, Pantalla HD Grande, Llamadas Bluetooth, Monitoreo de Salud, Sueño y Actividad Física, Notificaciones Inteligentes, Reproducción de Música, Asistente de Voz, 150+ Esferas Personalizables, Unisex","MX$219.00-$299.00","Jiditech Online","https://affiliate.tiktok.com/api/v1/share/ALJGSqJKDI2P","https://p16-oec-sg.ibyteimg.com/tos-alisg-i-aphluv4xwc-sg/87d12f0773a746409ea133069da3933d~tplv-aphluv4xwc-resize-jpeg:600:600.jpeg?dr=15584&from=520841845&idc=my&ps=933b5bde&shcp=9f007bb8&shp=1f0b6a75&t=555f072d","Jiditech Online","6.00%","数码家电"
"1732780557987185770","Jiditech Soporte de Refrigeración para Laptop & iPad, Rotación de 360°, Todo de Aluminio, Ventilación Silenciosa, Base Antideslizante de Silicona, Diseño Compacto y Portátil, Soporte Estable y Resistente, Fácil de Transportar, Adecuado para iPad & Portátiles, para Trabajo y Entretenimiento, Juegos","MX$259.00-$299.00","Jiditech Online","https://affiliate.tiktok.com/api/v1/share/ALJGTmY8n6ic","https://p16-oec-sg.ibyteimg.com/tos-alisg-i-aphluv4xwc-sg/9c1dfb15f7114f1a9bf11f0db45e54c9~tplv-aphluv4xwc-resize-jpeg:600:600.jpeg?dr=15584&from=520841845&idc=my&ps=933b5bde&shcp=9f007bb8&shp=1f0b6a75&t=555f072d","Jiditech Online","6.00%","数码家电"
"1732669106811536490","【Regalo Perfecto】Rosa Eterna con luz LED, Incluye Tarjeta de Felicitación & Pilas – Lámpara, Luz Nocturna Decorativa para Hogar, San Valentín, Día de la Madre, Bodas, Navidad Christmas, Aniversarios & Regalos Especiales","MX$179.00","Jiditech Online","https://affiliate.tiktok.com/api/v1/share/ALJGSqJKUFuz","https://p16-oec-sg.ibyteimg.com/tos-alisg-i-aphluv4xwc-sg/dc7f8d930bf145cfba1c6b1ed2e429f7~tplv-aphluv4xwc-resize-jpeg:600:600.jpeg?dr=15584&from=520841845&idc=my&ps=933b5bde&shcp=9f007bb8&shp=1f0b6a75&t=555f072d","Jiditech Online","6.00%","数码家电"
"1734602952618640874","FelizGirls Barra de Colágeno Coreano Anti Edad | Colágeno + Extracto de Calcio Multifunción | Ayuda a Mejorar Arrugas, Líneas de Expresión, Ojeras y Piel con Falta de Firmeza |Cuidado Diario de la Piel","MX$139.00-$369.00","FelizGirls MX","https://affiliate.tiktok.com/api/v1/share/ALHN5OzCHPVb","https://p16-oec-sg.ibyteimg.com/tos-alisg-i-aphluv4xwc-sg/082e628934464fa39f04a7f571f78f6a~tplv-aphluv4xwc-resize-jpeg:600:600.jpeg?dr=15584&from=520841845&idc=my&ps=933b5bde&shcp=9f007bb8&shp=1f0b6a75&t=555f072d","FelizGirls MX","10.00%","美妆个护"
"1735658201574573761","Selerb Metaburn para el Bienestar Diario – Con Cromo, Vitamina B12 y Berberina HCl – 60 Cápsulas","MX$284.99-$1,094.99","Selerb MX","https://affiliate.tiktok.com/api/v1/share/ALHNYFt88Bjd","https://p16-oec-sg.ibyteimg.com/tos-alisg-i-aphluv4xwc-sg/259499e19ae5434f879ffc033ccca621~tplv-aphluv4xwc-resize-jpeg:600:600.jpeg?dr=15584&from=520841845&idc=my&ps=933b5bde&shcp=9f007bb8&shp=1f0b6a75&t=555f072d","Selerb MX","17.00%","保健"
"1733212811552327361","Selerb NAD+ Suplemento para Hombres – Con Liposomal NAD+, CoQ10, L-Carnitina, L-Arginina, Maca y Ashwagandha – Soporte de Energía, Circulación y Próstata – 60 Cápsulas","MX$249.99-$1,065.99","Selerb MX","https://affiliate.tiktok.com/api/v1/share/ALHNbBPEiY1h","https://p16-oec-sg.ibyteimg.com/tos-alisg-i-aphluv4xwc-sg/67620ba2bc384f9aa805426fdd53aac0~tplv-aphluv4xwc-resize-jpeg:600:600.jpeg?dr=15584&from=520841845&idc=my&ps=933b5bde&shcp=9f007bb8&shp=1f0b6a75&t=555f072d","Selerb MX","17.00%","保健"
"1732109356950522374","Regalos Para el hogar para Parejas/Amigos Marco de fotos digital WiFi marrón de 10/14 pulgadas - Envíe fotos por correo electrónico a cualquier lugar y en cualquier momento Arzopa App Compartición remota de fotos y vídeos ilimitados Marco de fotos digital giratorio a Montura Rectangular Clásica Mont","MX$1,999.99-$3,499.99","ARZOPA MX","https://affiliate.tiktok.com/api/v1/share/ALKhd5L5ucsF","https://p16-oec-sg.ibyteimg.com/tos-alisg-i-aphluv4xwc-sg/4b3d22695b8346058b447d7a84755914~tplv-aphluv4xwc-resize-jpeg:600:600.jpeg?dr=15584&from=520841845&idc=my&ps=933b5bde&shcp=9f007bb8&shp=1f0b6a75&t=555f072d","ARZOPA MX","5.00%","居家日用"
"1732063511300704774","Productos top para el Mundial ARZOPA Monitor portátil para juegos de 16.1 pulgadas y 144 Hz/15.6 pulgadas y 60 Hz monitor portátil 100%sRGB 1080P FHD con HDR, ultra delgado, cuidado de los ojos, segunda pantalla externa para laptop PC PS5 Mac","MX$1,699.99-$2,699.99","ARZOPA MX","https://affiliate.tiktok.com/api/v1/share/ALKhd54SjKig","https://p16-oec-sg.ibyteimg.com/tos-alisg-i-aphluv4xwc-sg/8062614e36e84568b27b76cc22c654ab~tplv-aphluv4xwc-resize-jpeg:600:600.jpeg?dr=15584&from=520841845&idc=my&ps=933b5bde&shcp=9f007bb8&shp=1f0b6a75&t=555f072d","ARZOPA MX","5.00%","数码家电"
"1732296934323094596","【Superbrillo】Proyector láser H4 HyperFocus Alto/Bajo 22000LM Kit PhenlesEye- Luz blanca 6500K, IP68, Canbus Chevrolet Silverado/Malibu/Cavalier/Sonic/Equinox/Trax/Astra/Honda Civic/Accord/Coupe/Toyota Corolla/Mazda Mazda 3/CX-7/Nissan Sentra/Frontier","MX$328.00-$339.00","PhelensEye","https://affiliate.tiktok.com/api/v1/share/ALLEXhohqdmb","https://p16-oec-sg.ibyteimg.com/tos-alisg-i-aphluv4xwc-sg/e80df01883464124afd6431da0cfb228~tplv-aphluv4xwc-resize-jpeg:600:600.jpeg?dr=15584&from=520841845&idc=my&ps=933b5bde&shcp=9f007bb8&shp=1f0b6a75&t=555f072d","PhelensEye","7.00%","数码家电"
"1731696998538249284","PhelensEye luces led para motos Faro LED de Lupa con Ojo de Demonio – Para Moto – 4 Modos con Estrobo, Luz Roja y Fácil de Instalar，Rojo y azul","MX$199.00-$299.00","PhelensEye","https://affiliate.tiktok.com/api/v1/share/ALLEXhVVB59o","https://p16-oec-sg.ibyteimg.com/tos-alisg-i-aphluv4xwc-sg/7d34478a902645ce8a16d8c142d8534d~tplv-aphluv4xwc-resize-jpeg:600:600.jpeg?dr=15584&from=520841845&idc=my&ps=933b5bde&shcp=9f007bb8&shp=1f0b6a75&t=555f072d","PhelensEye","7.00%","数码家电"
"1736676905033435021","Luna Cámara para Ventana 2K WiFi Doble Banda, Vista Exterior a través del Cristal, Instalación sin Perforaciones, Visión Nocturna a Color, Detección con IA","MX$529.99","Luna AI_MX","https://affiliate.tiktok.com/api/v1/share/ALLaa7h0h1Dl","https://p16-oec-va.ibyteimg.com/tos-maliva-i-o3syd03w52-us/041d90a5e0f64c85877167753dd41e73~tplv-o3syd03w52-resize-jpeg:600:600.jpeg?dr=15584&from=520841845&idc=my&ps=933b5bde&shcp=9f007bb8&shp=1f0b6a75&t=555f072d","Luna AI_MX","10.00%","数码家电"
"1736677004494276493","Luna Cámara Foco de Seguridad 2K WiFi, Cámara de Vigilancia con IA, Visión Nocturna a Color, Audio Bidireccional","MX$499.99","Luna AI_MX","https://affiliate.tiktok.com/api/v1/share/ALLac2Je1PYN","https://p16-oec-va.ibyteimg.com/tos-maliva-i-o3syd03w52-us/b3d4516d6c574b62b7a26e803e3f1a5d~tplv-o3syd03w52-resize-jpeg:600:600.jpeg?dr=15584&from=520841845&idc=my&ps=933b5bde&shcp=9f007bb8&shp=1f0b6a75&t=555f072d","Luna AI_MX","10.00%","数码家电"
"1736677054804232077","Luna Cámara de Seguridad Interior 2K WiFi Doble Banda 2.4/5GHz, Cámara IP con Giro 355°, Seguimiento Inteligente de Personas, Reflector Integrado y Audio Bidireccional","MX$499.99","Luna AI_MX","https://affiliate.tiktok.com/api/v1/share/ALLaa7h0y6cl","https://p16-oec-va.ibyteimg.com/tos-maliva-i-o3syd03w52-us/b4beff526c2b4a6b829ea01adb64edb0~tplv-o3syd03w52-resize-jpeg:600:600.jpeg?dr=15584&from=520841845&idc=my&ps=933b5bde&shcp=9f007bb8&shp=1f0b6a75&t=555f072d","Luna AI_MX","10.00%","数码家电"
"1736907918303397423","Guirnalda de luces LED de cempasúchil, 3 m con 20 flores y luz cálida a pilas, crea un ambiente acogedor para el día de muertos, halloween, fiestas de otoño, jardín, terraza y escaparates","MX$170.00","Valiente MX","https://affiliate.tiktok.com/api/v1/share/ALLab3r9RRRD","https://p16-oec-sg.ibyteimg.com/tos-alisg-i-aphluv4xwc-sg/01cfa69a911141779c89949cc3e4c35a~tplv-aphluv4xwc-resize-jpeg:600:600.jpeg?dr=15584&from=520841845&idc=my&ps=933b5bde&shcp=9f007bb8&shp=1f0b6a75&t=555f072d","Valiente MX","8.00%","数码家电"
"1737108804497933871","Kit de árbol de Navidad hecho a mano con cuentas, conjunto artesanal de mini árbol de Navidad con cuentas de cristal, incluye todos los materiales para la elaboración completa de la decoración navideña, copa del árbol con ángel, base y accesorios, colgant","MX$250.00","Valiente MX","https://affiliate.tiktok.com/api/v1/share/ALLaWuUsSqwJ","https://p16-oec-sg.ibyteimg.com/tos-alisg-i-aphluv4xwc-sg/252dc17e21aa4f5996259a65cbc2a2a1~tplv-aphluv4xwc-resize-jpeg:600:600.jpeg?dr=15584&from=520841845&idc=my&ps=933b5bde&shcp=9f007bb8&shp=1f0b6a75&t=555f072d","Valiente MX","8.00%","数码家电"
"1732341431354230693","Abrebotellas Premium para Cerveza（pingüino）, Acero Inoxidable Magnético Automático Destapadores, abrebotellas de metal Abre Tapas Rápido","MX$80.10-$116.10","HogarFácil","https://affiliate.tiktok.com/api/v1/share/ALO36UAMXi8Z","https://p16-oec-sg.ibyteimg.com/tos-alisg-i-aphluv4xwc-sg/1f72c3ff42694aca842b16d3a8addfbd~tplv-aphluv4xwc-resize-jpeg:600:600.jpeg?dr=15584&from=520841845&idc=my&ps=933b5bde&shcp=9f007bb8&shp=1f0b6a75&t=555f072d","HogarFácil","10.00%","居家日用"
"1732835002563659685","Joyero de viaje de cuero sintético con 3 capas. Contenedor para joyas con cerradura, caja de viaje de franela de tres capas.","MX$134.10","HogarFácil","https://affiliate.tiktok.com/api/v1/share/ALO38RRFIA6s","https://p16-oec-sg.ibyteimg.com/tos-alisg-i-aphluv4xwc-sg/46686e3eb3de440aa53fab5bf9060bd6~tplv-aphluv4xwc-resize-jpeg:600:600.jpeg?dr=15584&from=520841845&idc=my&ps=933b5bde&shcp=9f007bb8&shp=1f0b6a75&t=555f072d","HogarFácil","10.00%","居家日用"
"1732855824920250277","Porta pañuelos Portarrollos de Papel higiénico de Acero Inoxidable con Estante for teléfono","MX$129.00","HogarFácil","https://affiliate.tiktok.com/api/v1/share/ALO36UAMokdm","https://p16-oec-sg.ibyteimg.com/tos-alisg-i-aphluv4xwc-sg/69bbdc7c212f44b0bc689d08972b4c22~tplv-aphluv4xwc-resize-jpeg:600:600.jpeg?dr=15584&from=520841845&idc=my&ps=933b5bde&shcp=9f007bb8&shp=1f0b6a75&t=555f072d","HogarFácil","10.00%","居家日用"
"1733035920133097381","Juego de pelador de 3 piezas para frutas y verduras: pelador, rallador, quitapelusas y cortador de agujeros. Fabricado en acero inoxidable, con diseño ergonómico para un uso sencillo. Pelador y rallador de cuatro piezas de fácil uso.","MX$71.10-$116.10","HogarFácil","https://affiliate.tiktok.com/api/v1/share/ALO38RRFZCqK","https://p16-oec-sg.ibyteimg.com/tos-alisg-i-aphluv4xwc-sg/bf0796571f444f2b8c665d43328e4f34~tplv-aphluv4xwc-resize-jpeg:600:600.jpeg?dr=15584&from=520841845&idc=my&ps=933b5bde&shcp=9f007bb8&shp=1f0b6a75&t=555f072d","HogarFácil","10.00%","居家日用"
"1733102663212173221","Alfombra de dibujos animados 3D: patrón de dibujos animados con efecto 3D de 40 cm * 60 cm, alfombra de dibujos animados antideslizante y absorbente de agua, adecuada para baños y dormitorios.","MX$128.00","HogarFácil","https://affiliate.tiktok.com/api/v1/share/ALO36UAN5jJS","https://p16-oec-sg.ibyteimg.com/tos-alisg-i-aphluv4xwc-sg/6b8fa8bbbbd64990bd736250462c75d5~tplv-aphluv4xwc-resize-jpeg:600:600.jpeg?dr=15584&from=520841845&idc=my&ps=933b5bde&shcp=9f007bb8&shp=1f0b6a75&t=555f072d","HogarFácil","10.00%","居家日用"
"1733103362908260261","Alfombra de dibujos animados 3D: patrón de dibujos animados con efecto 3D de 40 cm * 60 cm, alfombra de dibujos animados antideslizante y absorbente de agua, adecuada para baños y dormitorios.","MX$116.10-$128.00","HogarFácil","https://affiliate.tiktok.com/api/v1/share/ALO38RRFqGfe","https://p16-oec-sg.ibyteimg.com/tos-alisg-i-aphluv4xwc-sg/746bb1a29afe471cb8bd1d678768c878~tplv-aphluv4xwc-resize-jpeg:600:600.jpeg?dr=15584&from=520841845&idc=my&ps=933b5bde&shcp=9f007bb8&shp=1f0b6a75&t=555f072d","HogarFácil","10.00%","居家日用"
"1733196608326567845","Lima eléctrica para pies, removedor de callos, lima eléctrica para pies resistente al agua con crema para pies, repara e hidrata los pies secos y agrietados, elimina la piel muerta y los callos.","MX$161.10-$178.00","HogarFácil","https://affiliate.tiktok.com/api/v1/share/ALO36UANMscr","https://p16-oec-sg.ibyteimg.com/tos-alisg-i-aphluv4xwc-sg/c10712dbc4e4478ebe25a1919959f01e~tplv-aphluv4xwc-resize-jpeg:600:600.jpeg?dr=15584&from=520841845&idc=my&ps=933b5bde&shcp=9f007bb8&shp=1f0b6a75&t=555f072d","HogarFácil","10.00%","数码家电"
"1733196808570701733","Lima eléctrica para pies, removedor de callos, lima eléctrica para pies resistente al agua con crema para pies, repara e hidrata los pies secos y agrietados, elimina la piel muerta y los callos.","MX$161.10","HogarFácil","https://affiliate.tiktok.com/api/v1/share/ALO38RRG7B9t","https://p16-oec-sg.ibyteimg.com/tos-alisg-i-aphluv4xwc-sg/1f3c9b87e96146fb8d962c1a6ce7449d~tplv-aphluv4xwc-resize-jpeg:600:600.jpeg?dr=15584&from=520841845&idc=my&ps=933b5bde&shcp=9f007bb8&shp=1f0b6a75&t=555f072d","HogarFácil","10.00%","数码家电"
"1733196860306851749","Masajeador de cuello y rostro de 7 colores: herramienta multifuncional para el cuidado de la piel, dispositivo de belleza para el hogar para aliviar arrugas y relajarse, masajeador facial.","MX$179.10","HogarFácil","https://affiliate.tiktok.com/api/v1/share/ALO36UANdpJx","https://p16-oec-sg.ibyteimg.com/tos-alisg-i-aphluv4xwc-sg/e1a55ca67f55461994023b95eeca3aba~tplv-aphluv4xwc-resize-jpeg:600:600.jpeg?dr=15584&from=520841845&idc=my&ps=933b5bde&shcp=9f007bb8&shp=1f0b6a75&t=555f072d","HogarFácil","10.00%","数码家电"
"1733244384120309669","Juego de cuchillos de cocina de seis piezas de acero inoxidable con mango en forma de herradura y revestimiento antiadherente con patrón de estrella. Incluye caja de regalo.","MX$179.10","HogarFácil","https://affiliate.tiktok.com/api/v1/share/ALO38RRGOOfc","https://p16-oec-sg.ibyteimg.com/tos-alisg-i-aphluv4xwc-sg/0324c72fc5a5439c8892041c419db049~tplv-aphluv4xwc-resize-jpeg:600:600.jpeg?dr=15584&from=520841845&idc=my&ps=933b5bde&shcp=9f007bb8&shp=1f0b6a75&t=555f072d","HogarFácil","10.00%","居家日用"
"1733252891544881061","Cepillo de limpieza multifuncional 2 en 1: cepillo para zapatos, cepillo para ropa, dispensador de jabón líquido, dispensador de jabón, cepillo fregador, aditivo líquido, cepillo suave para lavar ropa. Ideal para el hogar, el baño y la cocina.","MX$71.10-$107.10","HogarFácil","https://affiliate.tiktok.com/api/v1/share/ALO36UANutOX","https://p16-oec-sg.ibyteimg.com/tos-alisg-i-aphluv4xwc-sg/4c9f42e2b19a4782a4b0f6599302cdf8~tplv-aphluv4xwc-resize-jpeg:600:600.jpeg?dr=15584&from=520841845&idc=my&ps=933b5bde&shcp=9f007bb8&shp=1f0b6a75&t=555f072d","HogarFácil","10.00%","居家日用"
"1733631472358623141","Juego de cuchillos de cocina de seis piezas de acero inoxidable con mango en forma de herradura y revestimiento antiadherente con patrón de estrella. Incluye caja de regalo.","MX$198.00","HogarFácil","https://affiliate.tiktok.com/api/v1/share/ALO38RRGfVUq","https://p16-oec-sg.ibyteimg.com/tos-alisg-i-aphluv4xwc-sg/0324c72fc5a5439c8892041c419db049~tplv-aphluv4xwc-resize-jpeg:600:600.jpeg?dr=15584&from=520841845&idc=my&ps=933b5bde&shcp=9f007bb8&shp=1f0b6a75&t=555f072d","HogarFácil","10.00%","居家日用"
"1733631545713395621","Masajeador de cuello y rostro de 7 colores: herramienta multifuncional para el cuidado de la piel, dispositivo de belleza para el hogar para aliviar arrugas y relajarse, masajeador facial.","MX$198.00","HogarFácil","https://affiliate.tiktok.com/api/v1/share/ALO36UAOC1kx","https://p16-oec-sg.ibyteimg.com/tos-alisg-i-aphluv4xwc-sg/6be6189efd2849cd9003d81f3b5e86a2~tplv-aphluv4xwc-resize-jpeg:600:600.jpeg?dr=15584&from=520841845&idc=my&ps=933b5bde&shcp=9f007bb8&shp=1f0b6a75&t=555f072d","HogarFácil","10.00%","美妆个护"
"1733683085965428645","Organizador de Escobas, Colgador de Escobas y Fregonas con 3 Posiciones y 4 Ganchos de Acero Inoxidable, Soporte Escobas Autoadhesivo de Pared, Sujeta Escobas para Garaje, Cocina, Baño","MX$107.10-$161.10","HogarFácil","https://affiliate.tiktok.com/api/v1/share/ALO38RRGwV2m","https://p16-oec-sg.ibyteimg.com/tos-alisg-i-aphluv4xwc-sg/5d4e9647b38f48978fc57d0cb5507723~tplv-aphluv4xwc-resize-jpeg:600:600.jpeg?dr=15584&from=520841845&idc=my&ps=933b5bde&shcp=9f007bb8&shp=1f0b6a75&t=555f072d","HogarFácil","10.00%","居家日用"
"1733683163825866661","Organizador de Escobas, Colgador de Escobas y Fregonas con 3 Posiciones y 4 Ganchos de Acero Inoxidable, Soporte Escobas Autoadhesivo de Pared, Sujeta Escobas para Garaje, Cocina, Baño","MX$107.10-$161.10","HogarFácil","https://affiliate.tiktok.com/api/v1/share/ALO36UAOSxNU","https://p16-oec-sg.ibyteimg.com/tos-alisg-i-aphluv4xwc-sg/25aace6776db4358aedc2e4b02022d7c~tplv-aphluv4xwc-resize-jpeg:600:600.jpeg?dr=15584&from=520841845&idc=my&ps=933b5bde&shcp=9f007bb8&shp=1f0b6a75&t=555f072d","HogarFácil","10.00%","居家日用"
"1733868547480389541","Porta pañuelos Portarrollos de Papel higiénico de Acero Inoxidable con Estante for teléfono","MX$129.00","HogarFácil","https://affiliate.tiktok.com/api/v1/share/ALO38RRHDPRt","https://p19-oec-sg.ibyteimg.com/tos-alisg-i-aphluv4xwc-sg/69bbdc7c212f44b0bc689d08972b4c22~tplv-aphluv4xwc-resize-jpeg:600:600.jpeg?dr=15584&from=520841845&idc=my&ps=933b5bde&shcp=9f007bb8&shp=1f0b6a75&t=555f072d","HogarFácil","10.00%","居家日用"
"1736292298370484133","2026 Vaso de hockey plegable 2 en 1 con diseño creativo de degradado de color, fabricado en silicona apta para uso alimentario, incluye pajita y tapa. Un molde de hockey reutilizable y portátil, ideal para usar en casa, al aire libre o en el gimnasio.","MX$116.10","HogarFácil","https://affiliate.tiktok.com/api/v1/share/ALO36UAOk1NU","https://p16-oec-sg.ibyteimg.com/tos-alisg-i-aphluv4xwc-sg/9b97f7c5f41841829ff337478f9b2560~tplv-aphluv4xwc-resize-jpeg:600:600.jpeg?dr=15584&from=520841845&idc=my&ps=933b5bde&shcp=9f007bb8&shp=1f0b6a75&t=555f072d","HogarFácil","10.00%","居家日用"
"1733113832068843255","Aspiradora Vertical Gaabor GVCW-M15A Con Capacidad de 1.5 Litros, Fuerte potencia de succión de 16000 Pa","MX$499.00","GaaborMexicoOficial","https://affiliate.tiktok.com/api/v1/share/ALPpBj3CPOg8","https://p16-oec-sg.ibyteimg.com/tos-alisg-i-aphluv4xwc-sg/ab186c992c7f476b860c061a686fb903~tplv-aphluv4xwc-resize-jpeg:600:600.jpeg?dr=15584&from=520841845&idc=my&ps=933b5bde&shcp=9f007bb8&shp=1f0b6a75&t=555f072d","GaaborMexicoOficial","5.00%","数码家电"
"1733113976448583415","Plancha De Vapor Portatil Gaabor HM-M01AS de 1200 Watts Color Verde Maquina De Planchar De Mano","MX$399.00","GaaborMexicoOficial","https://affiliate.tiktok.com/api/v1/share/ALPpBigHqaYN","https://p16-oec-sg.ibyteimg.com/tos-alisg-i-aphluv4xwc-sg/3a588c1e5b564fa69e716ccd1b9e41b9~tplv-aphluv4xwc-resize-jpeg:600:600.jpeg?dr=15584&from=520841845&idc=my&ps=933b5bde&shcp=9f007bb8&shp=1f0b6a75&t=555f072d","GaaborMexicoOficial","5.00%","居家日用"
"1736643600874112759","【Regreso a Clases】Gaabor Aspiradora Vertical GVCW-M15A Negro 1.5 Litros 650 Watts Potencia Alta para Limpieza Eficiente en el Hogar","MX$499.00","GaaborMexicoOficial","https://affiliate.tiktok.com/api/v1/share/ALPpE23kTj4b","https://p16-oec-sg.ibyteimg.com/tos-alisg-i-aphluv4xwc-sg/0940b232f81546bd9659147ca453eabb~tplv-aphluv4xwc-resize-jpeg:600:600.jpeg?dr=15584&from=520841845&idc=my&ps=933b5bde&shcp=9f007bb8&shp=1f0b6a75&t=555f072d","GaaborMexicoOficial","5.00%","数码家电"
"1736643844899833591","【Regreso a Clases】Gaabor Plancha De Vapor Portátil HM-M01AS 1200W Verde Ideal Para Uso En Movimiento Potente Y Práctica","MX$399.00","GaaborMexicoOficial","https://affiliate.tiktok.com/api/v1/share/ALPpBj3CxMIe","https://p16-oec-sg.ibyteimg.com/tos-alisg-i-aphluv4xwc-sg/06d7bd4d248345b186c27f6975cbd6b9~tplv-aphluv4xwc-resize-jpeg:600:600.jpeg?dr=15584&from=520841845&idc=my&ps=933b5bde&shcp=9f007bb8&shp=1f0b6a75&t=555f072d","GaaborMexicoOficial","5.00%","居家日用"
"1733114244661348087","Báscula de Cristal Templado con Conexion Tipo C Gaabor GWS-M02A Con Funcion De Peso Corporal","MX$299.00","GaaborMexicoOficial","https://affiliate.tiktok.com/api/v1/share/ALPpBigLQEMJ","https://p16-oec-sg.ibyteimg.com/tos-alisg-i-aphluv4xwc-sg/08f1e6e257c34e9bbb3006e6dd7813ff~tplv-aphluv4xwc-resize-jpeg:600:600.jpeg?dr=15584&from=520841845&idc=my&ps=933b5bde&shcp=9f007bb8&shp=1f0b6a75&t=555f072d","GaaborMexicoOficial","5.00%","数码家电"
"1733114278164793079","Secadora Profesional Gaabor HD-M01AS para Cabello | Secado Rápido | Iones Negativos | Bajo Ruido | Potente | Compacta | Ideal para Uso Diario","MX$829.00","GaaborMexicoOficial","https://affiliate.tiktok.com/api/v1/share/ALPpE23l1ily","https://p16-oec-sg.ibyteimg.com/tos-alisg-i-aphluv4xwc-sg/c1fc162f16f04e728e289f0903b3cfda~tplv-aphluv4xwc-resize-jpeg:600:600.jpeg?dr=15584&from=520841845&idc=my&ps=933b5bde&shcp=9f007bb8&shp=1f0b6a75&t=555f072d","GaaborMexicoOficial","5.00%","美妆个护"
"1733114297690851063","Rasuradora Eléctrica Hombre Portátil Recargable Doble Cabezal Mini Afeitadora De Viaje IPX7 Gaabor ER-T01AS","MX$299.00","GaaborMexicoOficial","https://affiliate.tiktok.com/api/v1/share/ALPpBj3DEKhc","https://p16-oec-sg.ibyteimg.com/tos-alisg-i-aphluv4xwc-sg/7e9b269ca49c4389a2b6f66b85ad55c7~tplv-aphluv4xwc-resize-jpeg:600:600.jpeg?dr=15584&from=520841845&idc=my&ps=933b5bde&shcp=9f007bb8&shp=1f0b6a75&t=555f072d","GaaborMexicoOficial","5.00%","美妆个护"
"1736353313435059959","Afeitado Preciso y Suave La rasuradora eléctrica Gaabor ER-T01C ofrece un afeitado cómodo y uniforme gracias a sus cuchillas flotantes de alta precisión, adaptándose fácilmente a los contornos del rostro.","MX$299.00","GaaborMexicoOficial","https://affiliate.tiktok.com/api/v1/share/ALPpBigLhHgE","https://p16-oec-sg.ibyteimg.com/tos-alisg-i-aphluv4xwc-sg/899678ff5c6c41478e6c4ed6055f21fb~tplv-aphluv4xwc-resize-jpeg:600:600.jpeg?dr=15584&from=520841845&idc=my&ps=933b5bde&shcp=9f007bb8&shp=1f0b6a75&t=555f072d","GaaborMexicoOficial","5.00%","美妆个护"
"1736353524994836215","Afeitadora Eléctrica Mini Gaabor Recargable USB Tipo C Rasuradora Portátil De Bolsillo Doble Cabezal Compacta Para Hombre Viaje Hogar Oficina|Gaabor ER-T01B","MX$299.00","GaaborMexicoOficial","https://affiliate.tiktok.com/api/v1/share/ALPpE23lIoTa","https://p16-oec-sg.ibyteimg.com/tos-alisg-i-aphluv4xwc-sg/e8108ed4d6c94d1ba85f275e7e87fe36~tplv-aphluv4xwc-resize-jpeg:600:600.jpeg?dr=15584&from=520841845&idc=my&ps=933b5bde&shcp=9f007bb8&shp=1f0b6a75&t=555f072d","GaaborMexicoOficial","5.00%","美妆个护"
"1736643586705164023","【Regreso a Clases】Gaabor Afeitadora Eléctrica Mini ER-T01B Recargable USB Tipo C Rasuradora Portátil Doble Cabezal Compacta para Hombre Viaje Hogar Oficina Uso en Seco y Húmedo Motor Potente Bajo Ruido","MX$299.00","GaaborMexicoOficial","https://affiliate.tiktok.com/api/v1/share/ALPpBj3DVLkA","https://p16-oec-sg.ibyteimg.com/tos-alisg-i-aphluv4xwc-sg/97dfe7c3332a402ea3397feb192846f6~tplv-aphluv4xwc-resize-jpeg:600:600.jpeg?dr=15584&from=520841845&idc=my&ps=933b5bde&shcp=9f007bb8&shp=1f0b6a75&t=555f072d","GaaborMexicoOficial","5.00%","美妆个护"
"1736643592559167223","【Regreso a Clases】Gaabor Afeitado Preciso y Suave La rasuradora eléctrica Gaabor ER-T01C ofrece un afeitado cómodo y uniforme gracias a sus cuchillas flotantes de alta precisión, adaptándose fácilmente a los contornos del rostro.","MX$299.00","GaaborMexicoOficial","https://affiliate.tiktok.com/api/v1/share/ALPpBigMWZ4s","https://p16-oec-sg.ibyteimg.com/tos-alisg-i-aphluv4xwc-sg/2c65d649245a4642a8f8490fb5573695~tplv-aphluv4xwc-resize-jpeg:600:600.jpeg?dr=15584&from=520841845&idc=my&ps=933b5bde&shcp=9f007bb8&shp=1f0b6a75&t=555f072d","GaaborMexicoOficial","5.00%","美妆个护"
"1736643885967247095","【Regreso a Clases】Gaabor Rasuradora Eléctrica Hombre Portátil Recargable Doble Cabezal Mini Afeitadora De Viaje IPX7 ER-T01AS Inalámbrica con Batería de Litio y Conexión Tipo C","MX$299.00","GaaborMexicoOficial","https://affiliate.tiktok.com/api/v1/share/ALPpE23lZfrZ","https://p16-oec-sg.ibyteimg.com/tos-alisg-i-aphluv4xwc-sg/c481f42eae2948b6ba34614486d5eb69~tplv-aphluv4xwc-resize-jpeg:600:600.jpeg?dr=15584&from=520841845&idc=my&ps=933b5bde&shcp=9f007bb8&shp=1f0b6a75&t=555f072d","GaaborMexicoOficial","5.00%","美妆个护"
"1736644114730878711","【Regreso a Clases】Gaabor Secadora Profesional HD-M01AS para Cabello 1400 Watts 8 Modos de Secado Rápido Iones Negativos Bajo Ruido Compacta Ideal para Uso Diario Inalámbrico Húmedo Y Seco","MX$829.00","GaaborMexicoOficial","https://affiliate.tiktok.com/api/v1/share/ALPpBj3H5BRO","https://p16-oec-sg.ibyteimg.com/tos-alisg-i-aphluv4xwc-sg/51ffbd13e5dd4387a88be5b3ca09139b~tplv-aphluv4xwc-resize-jpeg:600:600.jpeg?dr=15584&from=520841845&idc=my&ps=933b5bde&shcp=9f007bb8&shp=1f0b6a75&t=555f072d","GaaborMexicoOficial","5.00%","美妆个护"
"1733100650065397495","【Regreso a Clases】Gaabor Freidora de Aire Sin Aceite AF-45M02AS 4.2 Litros 1350 Watts Visor Duo Analog Cocina Saludable y Fácil de Usar","MX$799.00","GaaborMexicoOficial","https://affiliate.tiktok.com/api/v1/share/ALPpBigNLZoQ","https://p16-oec-sg.ibyteimg.com/tos-alisg-i-aphluv4xwc-sg/30462e3838e24f1897f90888a719110e~tplv-aphluv4xwc-resize-jpeg:600:600.jpeg?dr=15584&from=520841845&idc=my&ps=933b5bde&shcp=9f007bb8&shp=1f0b6a75&t=555f072d","GaaborMexicoOficial","5.00%","数码家电"
"1733101094112298743","Freidora De Aire Gaabor AF-65M01A de 6 Litros y 8 funciones Automaticas","MX$899.00","GaaborMexicoOficial","https://affiliate.tiktok.com/api/v1/share/ALPpE23m7ztC","https://p16-oec-sg.ibyteimg.com/tos-alisg-i-aphluv4xwc-sg/da65691a6cfc400d94bd04beb0e99f50~tplv-aphluv4xwc-resize-jpeg:600:600.jpeg?dr=15584&from=520841845&idc=my&ps=933b5bde&shcp=9f007bb8&shp=1f0b6a75&t=555f072d","GaaborMexicoOficial","5.00%","数码家电"
"1733113661539845879","Freidora de Aire Digital AF-120T01S de 2000 Watts, Exenta De Aceite de 12 Litros","MX$1,599.00","GaaborMexicoOficial","https://affiliate.tiktok.com/api/v1/share/ALPpBj3Hd95Q","https://p16-oec-sg.ibyteimg.com/tos-alisg-i-aphluv4xwc-sg/429a849dcc064f03b1f48a00a8eda3a8~tplv-aphluv4xwc-resize-jpeg:600:600.jpeg?dr=15584&from=520841845&idc=my&ps=933b5bde&shcp=9f007bb8&shp=1f0b6a75&t=555f072d","GaaborMexicoOficial","5.00%","数码家电"
"1736644549453317879","【Regreso a Clases】Gaabor Freidora De Aire AF-65M01A 6 Litros 8 Funciones Automáticas Cocedor Multifuncional 1400W Potencia Máxima","MX$859.00","GaaborMexicoOficial","https://affiliate.tiktok.com/api/v1/share/ALPpBjvpdipP","https://p16-oec-sg.ibyteimg.com/tos-alisg-i-aphluv4xwc-sg/007c168583de4a44b0a87d29e34419c3~tplv-aphluv4xwc-resize-jpeg:600:600.jpeg?dr=15584&from=520841845&idc=my&ps=933b5bde&shcp=9f007bb8&shp=1f0b6a75&t=555f072d","GaaborMexicoOficial","5.00%","数码家电"
"1736645018411370231","【Regreso a Clases】Gaabor Freidora de Aire Digital AF-120T01S de 2000 Watts, Exenta De Aceite de 12 Litros","MX$1,599.00","GaaborMexicoOficial","https://affiliate.tiktok.com/api/v1/share/ALPpE23mP3ZH","https://p16-oec-sg.ibyteimg.com/tos-alisg-i-aphluv4xwc-sg/41da894f7f9947a1806b6a02ad795314~tplv-aphluv4xwc-resize-jpeg:600:600.jpeg?dr=15584&from=520841845&idc=my&ps=933b5bde&shcp=9f007bb8&shp=1f0b6a75&t=555f072d","GaaborMexicoOficial","5.00%","数码家电"
"1737098226952275703","Freidora de Aire Digital AF-120T02S de 2000 Watts, Exenta De Aceite de 12 Litros","MX$1,699.00","GaaborMexicoOficial","https://affiliate.tiktok.com/api/v1/share/ALPpBj3HuNKH","https://p16-oec-sg.ibyteimg.com/tos-alisg-i-aphluv4xwc-sg/fa4c03e4e7f24126980746324d8e5930~tplv-aphluv4xwc-resize-jpeg:600:600.jpeg?dr=15584&from=520841845&idc=my&ps=933b5bde&shcp=9f007bb8&shp=1f0b6a75&t=555f072d","GaaborMexicoOficial","5.00%","数码家电"
"1737515004908766967","【VIVA LA QUINCENA】Plancha de vapor portátil Gaabor de 1300W, vaporizador de ropa de calentamiento rápido con pantalla táctil, 5 modos inteligentes, suela de cerámica y función de autolimpieza, esencial de viaje y hogar para eliminar arrugas","MX$699.00","GaaborMexicoOficial","https://affiliate.tiktok.com/api/v1/share/ALTMYRkjRPJj","https://p16-oec-sg.ibyteimg.com/tos-alisg-i-aphluv4xwc-sg/9b38601fd37f41c4ba46b4230a81614e~tplv-aphluv4xwc-resize-jpeg:600:600.jpeg?dr=15584&from=520841845&idc=my&ps=933b5bde&shcp=9f007bb8&shp=1f0b6a75&t=555f072d","GaaborMexicoOficial","6.00%","数码家电"
"1737515495500252919","【VIVA LA QUINCENA】Secador de pelo de alta velocidad Gaabor 1500W en elegante azul terciopelo, motor de alta velocidad con gran flujo de aire, 650 millones de iones negativos para el cuidado capilar profesional, control NTC y diseño ligero, esencial para el hogar","MX$829.00","GaaborMexicoOficial","https://affiliate.tiktok.com/api/v1/share/ALTMYRt0YfLO","https://p16-oec-sg.ibyteimg.com/tos-alisg-i-aphluv4xwc-sg/c36d9ec9fbed447c80e7abceea8eab03~tplv-aphluv4xwc-resize-jpeg:600:600.jpeg?dr=15584&from=520841845&idc=my&ps=933b5bde&shcp=9f007bb8&shp=1f0b6a75&t=555f072d","GaaborMexicoOficial","6.00%","美妆个护"
"1737515726864025335","【VIVA LA QUINCENA】Licuadora multifuncional Gaabor, esencial de cocina 3 en 1 con vaso para jugo, vaso picador de carne y vaso molinillo, 400W de alta velocidad para preparar batidos, jugos y picar carne","MX$1,099.00","GaaborMexicoOficial","https://affiliate.tiktok.com/api/v1/share/ALTMWBVXaoYt","https://p16-oec-sg.ibyteimg.com/tos-alisg-i-aphluv4xwc-sg/71a84d5420b945db94c54107ed7ab049~tplv-aphluv4xwc-resize-jpeg:600:600.jpeg?dr=15584&from=520841845&idc=my&ps=933b5bde&shcp=9f007bb8&shp=1f0b6a75&t=555f072d","GaaborMexicoOficial","6.00%","数码家电"
"1736551216046900718","Ampolleta Facial de Colágeno Profundo 50ml con Péptidos | EELHOE Deep Collagen Intensive Ampoule | Sérum Facial Hidratante y Reafirmante | Ayuda a Mejorar la Elasticidad, Suavizar Líneas Finas y Aportar Luminosidad","MX$159.00","Cuenca4","https://affiliate.tiktok.com/api/v1/share/ALQKBlxcpLBJ","https://p16-oec-sg.ibyteimg.com/tos-alisg-i-aphluv4xwc-sg/5d9090b3d4df4698bfa20bfdc60f53dd~tplv-aphluv4xwc-resize-jpeg:600:600.jpeg?dr=15584&from=520841845&idc=my&ps=933b5bde&shcp=9f007bb8&shp=1f0b6a75&t=555f072d","Cuenca4","10.00%","美妆个护"
"1735345420842534382","BB Cream Base de Maquillaje Hidratante con Protección Solar SPF42/PA+++ | Textura Suave y Ligera, Cobertura Natural, Ilumina y Unifica el Tono, Acabado Radiante Sin Agrietarse","MX$169.00","Cuenca4","https://affiliate.tiktok.com/api/v1/share/ALQKDOFb7P0g","https://p16-oec-sg.ibyteimg.com/tos-alisg-i-aphluv4xwc-sg/8a542206bda547e58b78436bbc934ba7~tplv-aphluv4xwc-resize-jpeg:600:600.jpeg?dr=15584&from=520841845&idc=my&ps=933b5bde&shcp=9f007bb8&shp=1f0b6a75&t=555f072d","Cuenca4","10.00%","美妆个护"
"1736982974471570600","Crema Hidratante en Barra para Pies Secos y Talones Agrietados 40g, con Aroma a Durazno, Fórmula de Uso Diario que Ayuda a Suavizar e Hidratar la Piel Áspera y Reseca de Pies, Manos y Codos, Textura Ligera y de Fácil Aplicación","MX$169.00-$218.00","Casa Util MX.","https://affiliate.tiktok.com/api/v1/share/ALQKBlxd6Sr3","https://p16-oec-sg.ibyteimg.com/tos-alisg-i-aphluv4xwc-sg/87b75b782521421cb93bd9728c93ef6d~tplv-aphluv4xwc-resize-jpeg:600:600.jpeg?dr=15584&from=520841845&idc=my&ps=933b5bde&shcp=9f007bb8&shp=1f0b6a75&t=555f072d","Casa Util MX.","10.00%","美妆个护"
"1737015084612158737","Micrófono de solapa inalámbrico portátil para smartphones iPhone/Android, Plug & Play, sonido ultra nítido, micrófono compacto recargable con función de carga para vlog, TikTok, YouTube, smartphone, libertad inalámbrica","MX$326.00","TechWorld.US_MX","https://affiliate.tiktok.com/api/v1/share/ALQyi6RskpHY","https://p16-oec-va.ibyteimg.com/tos-maliva-i-o3syd03w52-us/95017e4679d94362aa9cd51c85c5907e~tplv-o3syd03w52-resize-jpeg:600:600.jpeg?dr=15584&from=520841845&idc=my&ps=933b5bde&shcp=9f007bb8&shp=1f0b6a75&t=555f072d","TechWorld.US_MX","10.00%","数码家电"
"1737015575833838865","Cargador de coche retráctil 7 en 1, cargador de coche de carga rápida de 120 W con luces estelares | Cargador de coche USB‑C, accesorios para automóvil, pantalla inteligente de voltaje, 3 cables retráctiles para iPhone 17 Pro/16/15/14, Galaxy S26, Pixel 10","MX$248.00","TechWorld.US_MX","https://affiliate.tiktok.com/api/v1/share/ALQymG6BG6Bw","https://p16-oec-sg.ibyteimg.com/tos-alisg-i-aphluv4xwc-sg/1adcc5e2eb024121aa181bb12fdc1956~tplv-aphluv4xwc-resize-jpeg:600:600.jpeg?dr=15584&from=520841845&idc=my&ps=933b5bde&shcp=9f007bb8&shp=1f0b6a75&t=555f072d","TechWorld.US_MX","10.00%","数码家电"
"1732593537938130517","Hotcom Pack de 7 Braguitas Hipster de Mujer de Algodón, Cinturilla Estampada con Letras, Suaves y Transpirables, Ropa Interior Cómoda para Uso Diario Informal y Actividades Deportivas","MX$228.65-$245.65","HotcomAllure","https://affiliate.tiktok.com/api/v1/share/ALR5xuCeykpk","https://p16-oec-sg.ibyteimg.com/tos-alisg-i-aphluv4xwc-sg/3513a18840e04dd58402deb1033bdfe2~tplv-aphluv4xwc-resize-jpeg:600:600.jpeg?dr=15584&from=520841845&idc=my&ps=933b5bde&shcp=9f007bb8&shp=1f0b6a75&t=555f072d","HotcomAllure","10.00%","服饰内睡"
"1734037102166509141","Hotcom Pack de 7 Panties de Algodón con Textura Acanalada y Encaje Delicado para Mujer Cómodos y Transpirables en Colores Variados Ideal para Uso Diario","MX$245.65-$254.15","HotcomAllure","https://affiliate.tiktok.com/api/v1/share/ALR5xtscKg6c","https://p16-oec-sg.ibyteimg.com/tos-alisg-i-aphluv4xwc-sg/ec3f8a1195d0444b891560721a6c4741~tplv-aphluv4xwc-resize-jpeg:600:600.jpeg?dr=15584&from=520841845&idc=my&ps=933b5bde&shcp=9f007bb8&shp=1f0b6a75&t=555f072d","HotcomAllure","10.00%","服饰内睡"
"1732541552189408853","Hotcom Braguitas de Algodón con Control de Abdomen y Cintura Alta para Mujer Paquete de 4 Talla Grande Suaves Transpirables Cómodas para Todas las Estaciones","MX$237.15-$262.65","HotcomAllure","https://affiliate.tiktok.com/api/v1/share/ALR5xuCfFp6P","https://p16-oec-sg.ibyteimg.com/tos-alisg-i-aphluv4xwc-sg/0076d979c356441dabcdbd3e8653e7dd~tplv-aphluv4xwc-resize-jpeg:600:600.jpeg?dr=15584&from=520841845&idc=my&ps=933b5bde&shcp=9f007bb8&shp=1f0b6a75&t=555f072d","HotcomAllure","10.00%","服饰内睡"
"1732540453962942037","Hotcom 7 Pack Bragas Mujeres Algodón, Tangas de Lencería Transpirable Braguita de algodón, Elástico Culotte Cintura, Braguitas Ropa Interior Cómoda y Sexy, Bragas Invisibles Mujer","MX$228.65-$245.65","HotcomAllure","https://affiliate.tiktok.com/api/v1/share/ALR5xtscbmSa","https://p16-oec-sg.ibyteimg.com/tos-alisg-i-aphluv4xwc-sg/c6945438a1c145b08a3794300cd205e0~tplv-aphluv4xwc-resize-jpeg:600:600.jpeg?dr=15584&from=520841845&idc=my&ps=933b5bde&shcp=9f007bb8&shp=1f0b6a75&t=555f072d","HotcomAllure","10.00%","服饰内睡"
"1732537538745828949","Hotcom LOVE Lencería Deportiva para Mujer Pack de 7 Tangas de Algodón Transpirables Cómodas Ropa Interior para Gym y Ejercicio Ajuste Flexible Elástico Calzones Bragas Hipster Corte Bajo","MX$228.65-$245.65","HotcomAllure","https://affiliate.tiktok.com/api/v1/share/ALR5xuCfWkxy","https://p16-oec-sg.ibyteimg.com/tos-alisg-i-aphluv4xwc-sg/fac600358a634423a4dfbd464b58b774~tplv-aphluv4xwc-resize-jpeg:600:600.jpeg?dr=15584&from=520841845&idc=my&ps=933b5bde&shcp=9f007bb8&shp=1f0b6a75&t=555f072d","HotcomAllure","10.00%","服饰内睡"
"1731661482017326840","Hotcom Ropa interior femenina de algodón puro, de talle alto, suave y transpirable, que cubre completamente las caderas, de tejido elástico, disponible en múltiples combinaciones de paquetes de 4 unidades.","MX$237.15-$254.15","Hotcom-MX","https://affiliate.tiktok.com/api/v1/share/ALR5xtscsqMz","https://p16-oec-sg.ibyteimg.com/tos-alisg-i-aphluv4xwc-sg/38e971ea37364103a56feeb4f6ec8437~tplv-aphluv4xwc-resize-jpeg:600:600.jpeg?dr=15584&from=520841845&idc=my&ps=933b5bde&shcp=9f007bb8&shp=1f0b6a75&t=555f072d","Hotcom-MX","10.00%","服饰内睡"
"1731683614669965048","Hotcom Braguitas clásicas de algodón de talle alto para mujer con estampado de corazones rosas; cómodas, realzan la figura y ofrecen cobertura total en la parte trasera: una opción excelente para el día a día.(Pack of 4/6/8)","MX$237.15-$424.15","Hotcom-MX","https://affiliate.tiktok.com/api/v1/share/ALR5xuCfnsWw","https://p16-oec-sg.ibyteimg.com/tos-alisg-i-aphluv4xwc-sg/27fd66e7c0404ff1a3d7b1338439c977~tplv-aphluv4xwc-resize-jpeg:600:600.jpeg?dr=15584&from=520841845&idc=my&ps=933b5bde&shcp=9f007bb8&shp=1f0b6a75&t=555f072d","Hotcom-MX","10.00%","服饰内睡"
"1731784230461146872","Hotcom Tanga de Mujer Sin Costuras Sexys e Invisibles 7/14 Piezas XS-XL Algodón Cómodo y Transpirable para Todas las Estaciones","MX$228.65-$390.15","Hotcom-MX","https://affiliate.tiktok.com/api/v1/share/ALR5xtsgSYyp","https://p16-oec-sg.ibyteimg.com/tos-alisg-i-aphluv4xwc-sg/f3f60a43736747bdb39ffb5d13ff4658~tplv-aphluv4xwc-resize-jpeg:600:600.jpeg?dr=15584&from=520841845&idc=my&ps=933b5bde&shcp=9f007bb8&shp=1f0b6a75&t=555f072d","Hotcom-MX","10.00%","服饰内睡"
"1734038589299656440","Hotcom Lencería Sexy para Mujer Diseño de Encaje Tiro Bajo y Coqueto Suave Transpirable Bragas Tipo Bikini Paquete de 4 Transpirables Cómodas Ajuste Sin Costuras Adecuadas para Citas y Uso Diario","MX$160.65-$177.65","Hotcom-MX","https://affiliate.tiktok.com/api/v1/share/ALR5xuCg4xYw","https://p16-oec-sg.ibyteimg.com/tos-alisg-i-aphluv4xwc-sg/8a83001a9a5f4b8790a46880b448750a~tplv-aphluv4xwc-resize-jpeg:600:600.jpeg?dr=15584&from=520841845&idc=my&ps=933b5bde&shcp=9f007bb8&shp=1f0b6a75&t=555f072d","Hotcom-MX","10.00%","服饰内睡"
"1734032567625680632","Hotcom Bragas para Mujer de Cintura Alta Clásicas 95% Algodón con Estampado 3D Suaves Transpirables Cobertura Completa Elásticas Pack Múltiple 4","MX$237.15-$254.15","Hotcom-MX","https://affiliate.tiktok.com/api/v1/share/ALR5xtsgjcRh","https://p16-oec-sg.ibyteimg.com/tos-alisg-i-aphluv4xwc-sg/c6838a148e1f4ff2846e973a5f5da67e~tplv-aphluv4xwc-resize-jpeg:600:600.jpeg?dr=15584&from=520841845&idc=my&ps=933b5bde&shcp=9f007bb8&shp=1f0b6a75&t=555f072d","Hotcom-MX","10.00%","服饰内睡"
"1732319917826410232","Hotcom Braguitas clásicas de algodón acanalado con cobertura completa para mujer (paquete de 12) presentan un diseño sin costuras en suaves tonos pastel; una opción perfecta para el día a día que ofrece suavidad y transpirabilidad en diversas combinaciones de colores.","MX$194.65-$339.15","Hotcom-MX","https://affiliate.tiktok.com/api/v1/share/ALR5xuCgM09v","https://p16-oec-sg.ibyteimg.com/tos-alisg-i-aphluv4xwc-sg/22a7608e3d2f490689256ca797e3ff83~tplv-aphluv4xwc-resize-jpeg:600:600.jpeg?dr=15584&from=520841845&idc=my&ps=933b5bde&shcp=9f007bb8&shp=1f0b6a75&t=555f072d","Hotcom-MX","10.00%","服饰内睡"
"1733424170284451576","Hotcom Braguitas tanga acanaladas de algodón puro para mujer - Diseño de talle bajo, estilo invisible; ajuste elástico, sexy y seductor - 11 unidades por paquete","MX$245.65-$254.15","Hotcom-MX","https://affiliate.tiktok.com/api/v1/share/ALR5xtsh0fBP","https://p16-oec-sg.ibyteimg.com/tos-alisg-i-aphluv4xwc-sg/e853592c919140d4bd46fc9994478c14~tplv-aphluv4xwc-resize-jpeg:600:600.jpeg?dr=15584&from=520841845&idc=my&ps=933b5bde&shcp=9f007bb8&shp=1f0b6a75&t=555f072d","Hotcom-MX","10.00%","服饰内睡"
"1732616016163407208","Bragas de mujer Hotcom de cintura alta de algodón con control abdominal, suaves y elásticas, multicolor, a la moda para uso diario, tallas grandes, cómodas, paquete de 4 pzas, lavables en máquina, básicas y elásticas","MX$271.15-$288.15","HotcomClothing","https://affiliate.tiktok.com/api/v1/share/ALSxzLr4DyDt","https://p16-oec-sg.ibyteimg.com/tos-alisg-i-aphluv4xwc-sg/84072c4aa6f94e829c5f158d776ae7d2~tplv-aphluv4xwc-resize-jpeg:600:600.jpeg?dr=15584&from=520841845&idc=my&ps=933b5bde&shcp=9f007bb8&shp=1f0b6a75&t=555f072d","HotcomClothing","10.00%","服饰内睡"
"1733120070893208936","Hotcom bragas clásicas de algodón puro para mujer, paquete de 9/pack múltiple, bragas de bikini de corte bajo bonitas y versátiles, bragas triangulares sexy de corte bajo y transpirables, estilo divertido, especialmente diseñadas para mujeres.","MX$194.65-$407.15","HotcomClothing","https://affiliate.tiktok.com/api/v1/share/ALSxzKdFfx4D","https://p16-oec-sg.ibyteimg.com/tos-alisg-i-aphluv4xwc-sg/4c4fa30c5eb740ff9c688e1dd14204a0~tplv-aphluv4xwc-resize-jpeg:600:600.jpeg?dr=15584&from=520841845&idc=my&ps=933b5bde&shcp=9f007bb8&shp=1f0b6a75&t=555f072d","HotcomClothing","10.00%","服饰内睡"
"1735689246677108037","FLYBB Cuna mecedora eléctrica para bebé ajustable con mosquitero, ideal de 6 meses a 3 años","MX$1,080.00-$1,459.00","FLYBB","https://affiliate.tiktok.com/api/v1/share/ALR6fU2VskGf","https://p16-oec-sg.ibyteimg.com/tos-alisg-i-aphluv4xwc-sg/6aadd7a5653942dbb0e2a5d5fa3d9e46~tplv-aphluv4xwc-resize-jpeg:600:600.jpeg?dr=15584&from=520841845&idc=my&ps=933b5bde&shcp=9f007bb8&shp=1f0b6a75&t=555f072d","FLYBB","6.00%","美妆个护"
"1737346133650015562","Altavoz inalámbrico Bluetooth resistente al agua, con pantalla táctil giratoria de 360°, soporte para el televisor de la ducha y el móvil, ideal para ver películas y escuchar música; apto para la piscina, la cocina y el baño; caja de sonido","MX$349.00","KXWAMUL","https://affiliate.tiktok.com/api/v1/share/ALRQR0NmhUMw","https://p16-oec-sg.ibyteimg.com/tos-alisg-i-aphluv4xwc-sg/49bda74ca3e242a8b26b5090ab14acd2~tplv-aphluv4xwc-resize-jpeg:600:600.jpeg?dr=15584&from=520841845&idc=my&ps=933b5bde&shcp=9f007bb8&shp=1f0b6a75&t=555f072d","KXWAMUL","13.00%","居家日用"
"1736567388440462981","Paquete de 3 juguetes para gatos con peces que se agitan al caerse, ultra realistas, interactivos para todas las razas, activados por toque con 3 modos de batido, sardina/sargo/ranita amarilla, 7,1 inch, con hierba gatera, recargables, juguetes interactivos para mascotas","MX$159.00-$259.00","FROLICO Pet Supplies","https://affiliate.tiktok.com/api/v1/share/ALSE3mwRh2tV","https://p16-oec-va.ibyteimg.com/tos-maliva-i-o3syd03w52-us/b987f75f62ba4a98a43a6b47294a897a~tplv-o3syd03w52-resize-jpeg:600:600.jpeg?dr=15584&from=520841845&idc=my&ps=933b5bde&shcp=9f007bb8&shp=1f0b6a75&t=555f072d","FROLICO Pet Supplies","11.00%","宠物用品"
"1736534479849883269","Botella de agua portátil 3 en 1 para mascotas con almacenaje a prueba de fugas y dispensador integrado de bolsas para heces. Ideal para viajes, senderismo y paseos al aire libre con mascotas. Fácil de desmontar, sencillo de limpiar, práctico y sin complicaciones para salidas diarias.","MX$159.20-$209.00","FROLICO Pet Supplies","https://affiliate.tiktok.com/api/v1/share/ALSDzbJiZlmK","https://p16-oec-va.ibyteimg.com/tos-maliva-i-o3syd03w52-us/1cfc42a7c28346b8a35a2f43a57757b6~tplv-o3syd03w52-resize-jpeg:600:600.jpeg?dr=15584&from=520841845&idc=my&ps=933b5bde&shcp=9f007bb8&shp=1f0b6a75&t=555f072d","FROLICO Pet Supplies","11.00%","宠物用品"
"1736634174686004869","Cubierta plegable para alimentos, cubierta de malla para alimentos, refugio portátil para alimentos, suministros para picnic, ideal para picnics al aire libre, barbacoas y fiestas, artículos para el hogar, para ensalada, blanco, cocina, utensilios, ligero, higiene de frutas para barbacoa","MX$129.00-$279.00","FROLICO Pet Supplies","https://affiliate.tiktok.com/api/v1/share/ALSE3mfesoJ0","https://p16-oec-va.ibyteimg.com/tos-maliva-i-o3syd03w52-us/e6a6f87dec5c4c85b60a02609bfa6c18~tplv-o3syd03w52-resize-jpeg:600:600.jpeg?dr=15584&from=520841845&idc=my&ps=933b5bde&shcp=9f007bb8&shp=1f0b6a75&t=555f072d","FROLICO Pet Supplies","11.00%","居家日用"
"1737031174820103813","Jaula de set para gatos, jaula de set interior para mascotas, jaula portátil para gatitos, tienda tipo pop-up para ejercicio y parto de cachorros, jaulas impermeables para gatos, kennel de viaje para perros, camping para perros pequeños y medianos (gris)","MX$289.00-$459.00","FROLICO Pet Supplies","https://affiliate.tiktok.com/api/v1/share/ALSE3mwTL7Ku","https://p16-oec-va.ibyteimg.com/tos-maliva-i-o3syd03w52-us/c918c1cecec14ea39459a8838c870c72~tplv-o3syd03w52-resize-jpeg:600:600.jpeg?dr=15584&from=520841845&idc=my&ps=933b5bde&shcp=9f007bb8&shp=1f0b6a75&t=555f072d","FROLICO Pet Supplies","11.00%","宠物用品"
"1736583502572455557","Bañera inflable para lavado de cabello, cuenco portátil para lavado de cabello para personas cama hospitalaria, con discapacidad, lesionadas y mayores, cuenco para champú para rastas y para el lavado del cabello en casa (negro)","MX$159.00-$299.00","FROLICO Pet Supplies","https://affiliate.tiktok.com/api/v1/share/ALSDzbJiqg4u","https://p16-oec-va.ibyteimg.com/tos-maliva-i-o3syd03w52-us/8f23f06907ba4f039ae148a2faf4ad01~tplv-o3syd03w52-resize-jpeg:600:600.jpeg?dr=15584&from=520841845&idc=my&ps=933b5bde&shcp=9f007bb8&shp=1f0b6a75&t=555f072d","FROLICO Pet Supplies","11.00%","美妆个护"
"1736589759246599813","Kit de huellas de patas (4 pzas) + 2 molduras para fotos, almohadilla de tinta sin ensucios para perros y gatos, almohadilla de tinta Clean Touch, kit de huellas de patas y nariz para perros y gatos, regalo conmemorativo para mascotas, regalo del recuerdo de las mascotas,","MX$149.00-$199.00","FROLICO Pet Supplies","https://affiliate.tiktok.com/api/v1/share/ALSE3mff9lun","https://p16-oec-va.ibyteimg.com/tos-maliva-i-o3syd03w52-us/a9a3b1b7cfd647b692caaf54a1ca8ff8~tplv-o3syd03w52-resize-jpeg:600:600.jpeg?dr=15584&from=520841845&idc=my&ps=933b5bde&shcp=9f007bb8&shp=1f0b6a75&t=555f072d","FROLICO Pet Supplies","11.00%","宠物用品"
"1736876812354619013","Peluca de cosplay para mascotas (gatos y perros) – Accesorio de cabello suave con banda ajustable, perfecta para fiestas durante las festividades, como accesorios fotográficos y eventos de disfraces para mascotas – Excelente regalo para los dueños de mascotas","MX$139.00-$299.00","FROLICO Pet Supplies","https://affiliate.tiktok.com/api/v1/share/ALSE3mwTcMLQ","https://p16-oec-va.ibyteimg.com/tos-maliva-i-o3syd03w52-us/adc83d6eed514cd5a0cf66639fb9657f~tplv-o3syd03w52-resize-jpeg:600:600.jpeg?dr=15584&from=520841845&idc=my&ps=933b5bde&shcp=9f007bb8&shp=1f0b6a75&t=555f072d","FROLICO Pet Supplies","11.00%","宠物用品"
"1736634981448124037","Cama túnel para gatos Frolico – Túnel cueva acogedor en forma de dónut para gatos de interior, juguete de túnel de set plegable, conejos y mascotas pequeñas, color verde estándar, juguete de cueva “espiar”, artículos geniales para gatos, perfecto para calmar durante el otoño e invierno","MX$459.00","FROLICO Pet Supplies","https://affiliate.tiktok.com/api/v1/share/ALSDzbJj7m4s","https://p16-oec-va.ibyteimg.com/tos-maliva-i-o3syd03w52-us/c5b856c0b61e489681d6e1338e7aca74~tplv-o3syd03w52-resize-jpeg:600:600.jpeg?dr=15584&from=520841845&idc=my&ps=933b5bde&shcp=9f007bb8&shp=1f0b6a75&t=555f072d","FROLICO Pet Supplies","11.00%","宠物用品"
"1737011471082030725","Alfombras para dormitorio, aptas para sala de estar, dormitorio y baño; alfombra larga en forma de gato, amarilla, cómoda y suave; decoración de habitación; decoración de habitación lúdica","MX$228.80","FROLICO Pet Supplies","https://affiliate.tiktok.com/api/v1/share/ALSE3mffQole","https://p16-oec-va.ibyteimg.com/tos-maliva-i-o3syd03w52-us/551454c5ea824236827ada571507dce1~tplv-o3syd03w52-resize-jpeg:600:600.jpeg?dr=15584&from=520841845&idc=my&ps=933b5bde&shcp=9f007bb8&shp=1f0b6a75&t=555f072d","FROLICO Pet Supplies","11.00%","居家日用"
"1737264443524220549","set de bolsas impermeables para pastillas – 14 bolsas grandes con cremallera para archivadores, almacenaje semanal codificado por colores, organizador de suplementos de viaje reutilizable – perfecto para aceite de pescado, vitaminas y artículos esenciales diarios","MX$189.00","FROLICO Pet Supplies","https://affiliate.tiktok.com/api/v1/share/ALSE3mwTtDS2","https://p16-oec-sg.ibyteimg.com/tos-alisg-i-aphluv4xwc-sg/c088871a56f74926a051c02ab9bae3c8~tplv-aphluv4xwc-resize-jpeg:600:600.jpeg?dr=15584&from=520841845&idc=my&ps=933b5bde&shcp=9f007bb8&shp=1f0b6a75&t=555f072d","FROLICO Pet Supplies","11.00%","居家日用"
"1737030680055023237","Túnel para gatos de interior grande, con pelota de set en forma de S, plegable en 4 direcciones, juguete tipo tubo interactivo con agujero para observar, para cachorros, gatitos y conejos (S4 negro y azul)","MX$139.00-$329.00","FROLICO Pet Supplies","https://affiliate.tiktok.com/api/v1/share/ALSSK5MwqbhC","https://p16-oec-va.ibyteimg.com/tos-maliva-i-o3syd03w52-us/81ffc9c2525b4b7aaf209fe8a1ef313a~tplv-o3syd03w52-resize-jpeg:600:600.jpeg?dr=15584&from=520841845&idc=my&ps=933b5bde&shcp=9f007bb8&shp=1f0b6a75&t=555f072d","FROLICO Pet Supplies","11.00%","宠物用品"
"1736535266261960325","Bolsas para mudanza extra grandes y resistentes – Bolsas de almacenaje impermeables con asas y cremallera, plegables, prácticas y convenientes — perfectas para almacenaje y organización.","MX$159.00-$499.00","FROLICO Pet Supplies","https://affiliate.tiktok.com/api/v1/share/ALSSK3GEI8ZM","https://p16-oec-va.ibyteimg.com/tos-maliva-i-o3syd03w52-us/9945f63e285640148e4f051e492f6caa~tplv-o3syd03w52-resize-jpeg:600:600.jpeg?dr=15584&from=520841845&idc=my&ps=933b5bde&shcp=9f007bb8&shp=1f0b6a75&t=555f072d","FROLICO Pet Supplies","11.00%","居家日用"
"1736534904513726085","Delantales de cocina para mujeres y hombres, delantal de chef ajustable con bolsillos, 2 pzas multicolor, paquete de 2 delantales unisex, delantal tipo babero ajustable para la cocina, delantal de cocina, delantales para mujeres y hombres con bolsillos, correas ajustables para delantales de chef","MX$158.40-$218.40","FROLICO Pet Supplies","https://affiliate.tiktok.com/api/v1/share/ALSSK5Mx7dIf","https://p16-oec-sg.ibyteimg.com/tos-alisg-i-aphluv4xwc-sg/7666022b4cc643a8a135d4bec7d8e5cd~tplv-aphluv4xwc-resize-jpeg:600:600.jpeg?dr=15584&from=520841845&idc=my&ps=933b5bde&shcp=9f007bb8&shp=1f0b6a75&t=555f072d","FROLICO Pet Supplies","11.00%","居家日用"
"1736634448262039173","Cortina de ducha impermeable con patrón de gofre negro, diseño sin ganchos con forro que encaja por presión. Cortina de baño minimalista y moderna, un accesorio para el baño adecuado para la decoración del hogar, hoteles o residencias estudiantiles, también puede usarse como regalo.","MX$359.00-$459.00","FROLICO Pet Supplies","https://affiliate.tiktok.com/api/v1/share/ALSSK3GEZ5AS","https://p16-oec-va.ibyteimg.com/tos-maliva-i-o3syd03w52-us/1109e61341804dfa850aabcc58ba6cd2~tplv-o3syd03w52-resize-jpeg:600:600.jpeg?dr=15584&from=520841845&idc=my&ps=933b5bde&shcp=9f007bb8&shp=1f0b6a75&t=555f072d","FROLICO Pet Supplies","11.00%","居家日用"
"1736535329875068549","Sofá cama de lujo para mascotas, cálido, desmontable y lavable, apto para gatos y perros medianos, pequeños y grandes, sofá para gatos y perros con ajuste universal, camas moldeadas, cama para gatos estilo cesta de descanso para todas las estaciones, camas moldeadas","MX$289.00-$399.00","FROLICO Pet Supplies","https://affiliate.tiktok.com/api/v1/share/ALSSK3NG8bYu","https://p16-oec-va.ibyteimg.com/tos-maliva-i-o3syd03w52-us/2d3e8d800e554215924b19e5753effb1~tplv-o3syd03w52-resize-jpeg:600:600.jpeg?dr=15584&from=520841845&idc=my&ps=933b5bde&shcp=9f007bb8&shp=1f0b6a75&t=555f072d","FROLICO Pet Supplies","11.00%","宠物用品"
"1736030452005635560","Manta Doble Cara Ultra Suave y Cálida, 8 Colores Vibrantes Disponibles, 2 Tamaños 180x200cm y 200x230cm, Ideal para Sofá, Cama y Regalos en Temporada Fría","MX$208.98-$329.98","Mundo Útil MX","https://affiliate.tiktok.com/api/v1/share/ALSEDBOivalJ","https://p16-oec-sg.ibyteimg.com/tos-alisg-i-aphluv4xwc-sg/14da11c361634426982895da20c221a1~tplv-aphluv4xwc-resize-jpeg:600:600.jpeg?dr=15584&from=520841845&idc=my&ps=933b5bde&shcp=9f007bb8&shp=1f0b6a75&t=555f072d","Mundo Útil MX","5.00%","居家日用"
"1736091037866362344","Alfombra Suave de Peluche para Sala y Recámara, 2 Colores Negro y Gris, 2 Tamaños 100x150cm y 150x200cm, Antideslizante y Acogedora para el Hogar","MX$149.98-$299.98","Mundo Útil MX","https://affiliate.tiktok.com/api/v1/share/ALSEE1e0VQzd","https://p16-oec-sg.ibyteimg.com/tos-alisg-i-aphluv4xwc-sg/523dfca93bef491492a4a4fee29cabad~tplv-aphluv4xwc-resize-jpeg:600:600.jpeg?dr=15584&from=520841845&idc=my&ps=933b5bde&shcp=9f007bb8&shp=1f0b6a75&t=555f072d","Mundo Útil MX","5.00%","居家日用"
"1736091492668638696","Estufa Eléctrica Portátil de Dos Quemadores, Control Independiente de Temperatura, Compacta y Segura para Cocinar en Casa o Viajes","MX$259.98","Mundo Útil MX","https://affiliate.tiktok.com/api/v1/share/ALSEDBOk1jGH","https://p16-oec-sg.ibyteimg.com/tos-alisg-i-aphluv4xwc-sg/4ed21463ebbc4b3a9050df6ccca27126~tplv-aphluv4xwc-resize-jpeg:600:600.jpeg?dr=15584&from=520841845&idc=my&ps=933b5bde&shcp=9f007bb8&shp=1f0b6a75&t=555f072d","Mundo Útil MX","5.00%","数码家电"
"1737202667298915369","Cocina Eléctrica de Dos Hornillos, Control de Temperatura por Perilla, Calentamiento Rápido, Ideal para Cocinar en Apartamento, Oficina y Hogar","MX$259.98","ALIANZA","https://affiliate.tiktok.com/api/v1/share/ALT0bNFSwLpA","https://p16-oec-sg.ibyteimg.com/tos-alisg-i-aphluv4xwc-sg/3d6e4df47aef40559f7fcbf34efe5894~tplv-aphluv4xwc-resize-jpeg:600:600.jpeg?dr=15584&from=520841845&idc=my&ps=933b5bde&shcp=9f007bb8&shp=1f0b6a75&t=555f072d","ALIANZA","5.00%","数码家电"
"1737243664260301865","Alfombra Shaggy Suave para Interior, Resistente, Antideslizante, Ideal para Recámara y Sala de Estar, Regalo Incluido","MX$129.98-$259.98","ALIANZA","https://affiliate.tiktok.com/api/v1/share/ALT0bO3Pn5P7","https://p16-oec-sg.ibyteimg.com/tos-alisg-i-aphluv4xwc-sg/21c67f14fb58440690a8694d41be4cb0~tplv-aphluv4xwc-resize-jpeg:600:600.jpeg?dr=15584&from=520841845&idc=my&ps=933b5bde&shcp=9f007bb8&shp=1f0b6a75&t=555f072d","ALIANZA","5.00%","居家日用"
"1737407281976017961","Aspiradora de mano inalámbrica portátil para automóvil y hogar, alta potencia de succión, limpieza húmeda‑seca, depósito transparente, filtro lavable, mini aspiradora para auto, casa y oficina","MX$168.98","ALIANZA","https://affiliate.tiktok.com/api/v1/share/ALT0bNFTDI8r","https://p16-oec-sg.ibyteimg.com/tos-alisg-i-aphluv4xwc-sg/a2b053001dd94f819e56e037646854f2~tplv-aphluv4xwc-resize-jpeg:600:600.jpeg?dr=15584&from=520841845&idc=my&ps=933b5bde&shcp=9f007bb8&shp=1f0b6a75&t=555f072d","ALIANZA","5.00%","数码家电"
"1737302422809052201","Manta Doble Cara Suave y Cálida, Textura en Relieve, Forro Sherpa, Para Sofá y Cama, Compra y Recibe Bolsa de Regalo","MX$208.98-$329.98","ALIANZA","https://affiliate.tiktok.com/api/v1/share/ALT0bO3Q4INB","https://p19-oec-sg.ibyteimg.com/tos-alisg-i-aphluv4xwc-sg/4b78b428f52949dbb9742187be913b15~tplv-aphluv4xwc-resize-jpeg:600:600.jpeg?dr=15584&from=520841845&idc=my&ps=933b5bde&shcp=9f007bb8&shp=1f0b6a75&t=555f072d","ALIANZA","5.00%","居家日用"
"1737531241802204201","Depiladora Eléctrica Mujer 2 en 1 con Dos Cabezas, Recortadora de Precisión y Cabezal Redondo, Suave con la Piel, Portátil, para Rostro, Cuerpo y Bikini","MX$189.98","ALIANZA","https://affiliate.tiktok.com/api/v1/share/ALT0bNFTULkB","https://p16-oec-sg.ibyteimg.com/tos-alisg-i-aphluv4xwc-sg/7f3c398a5422465f8683f6db79413e6d~tplv-aphluv4xwc-resize-jpeg:600:600.jpeg?dr=15584&from=520841845&idc=my&ps=933b5bde&shcp=9f007bb8&shp=1f0b6a75&t=555f072d","ALIANZA","5.00%","美妆个护"
"1733179487653364789","Sérum Capilar Fortalecedor con Semilla de Sésamo Negro (unisex) | Con romero, bisabolol y anageline, ayuda a fortalecer el cabello y mejorar su apariencia | Aplicador preciso | Sin parabenos ni sulfatos | No graso serum growth hair","MX$575.10-$768.00","DR.LAN-MX","https://affiliate.tiktok.com/api/v1/share/ALSYxxoS8mtb","https://p16-oec-sg.ibyteimg.com/tos-alisg-i-aphluv4xwc-sg/ff3e26a710744fbaaab294084ae3e1cf~tplv-aphluv4xwc-resize-jpeg:600:600.jpeg?dr=15584&from=520841845&idc=my&ps=933b5bde&shcp=9f007bb8&shp=1f0b6a75&t=555f072d","DR.LAN-MX","11.00%","美妆个护"
"1736494506569204789","Crema antiimperfecciones con ácido salicílico 3%, limpia tus poros para piel sin granitos Dr.Lan","MX$598.00-$648.00","DR.LAN-MX","https://affiliate.tiktok.com/api/v1/share/ALSZ0wrQpJJr","https://p16-oec-sg.ibyteimg.com/tos-alisg-i-aphluv4xwc-sg/e43663cbad9b45f4bdedd11867358574~tplv-aphluv4xwc-resize-jpeg:600:600.jpeg?dr=15584&from=520841845&idc=my&ps=933b5bde&shcp=9f007bb8&shp=1f0b6a75&t=555f072d","DR.LAN-MX","11.00%","美妆个护"
"1737214473590179502","Traductor de Idiomas con IA, Entrenador de Conversación en Inglés, 139 Idiomas, Traducción de Voz en Tiempo Real, Práctica de Escenarios, Chat IA, Grabación y Transcripción, Dispositivo Portátil","MX$708.00-$709.00","Thinkplus Mexico Audio","https://affiliate.tiktok.com/api/v1/share/ALSsRFmd37VE","https://p16-oec-sg.ibyteimg.com/tos-alisg-i-aphluv4xwc-sg/39754703a76446b29960c1552b4f0cff~tplv-aphluv4xwc-resize-jpeg:600:600.jpeg?dr=15584&from=520841845&idc=my&ps=933b5bde&shcp=9f007bb8&shp=1f0b6a75&t=555f072d","Thinkplus Mexico Audio","10.00%","美妆个护"
"1735451976597997137","MOFOXS RS7 - Caminadora eléctrica plegable y silenciosa para casa, monitor de frecuencia cardíaca, contador de pasos, ligera, compacta y fácil de almacenar, ideal para caminata y fitness, con inclinación ajustable","MX$4,098.00","MOFOXS","https://affiliate.tiktok.com/api/v1/share/ALT0INBD5Dto","https://p16-oec-sg.ibyteimg.com/tos-alisg-i-aphluv4xwc-sg/814a1ac317534d0fbaa0c80d5a877b90~tplv-aphluv4xwc-resize-jpeg:600:600.jpeg?dr=15584&from=520841845&idc=my&ps=933b5bde&shcp=9f007bb8&shp=1f0b6a75&t=555f072d","MOFOXS","7.00%","运动健身"
"1735452820071548497","MOFOXS Remador eléctrico, equipo de gimnasio para entrenamiento de espalda y core, máquina de cable para entrenamiento en casa.","MX$4,398.00-$4,598.00","MOFOXS","https://affiliate.tiktok.com/api/v1/share/ALT0GEPriKj0","https://p16-oec-sg.ibyteimg.com/tos-alisg-i-aphluv4xwc-sg/baae1838e5d64416b2ac00c1b9bc1357~tplv-aphluv4xwc-resize-jpeg:600:600.jpeg?dr=15584&from=520841845&idc=my&ps=933b5bde&shcp=9f007bb8&shp=1f0b6a75&t=555f072d","MOFOXS","7.00%","运动健身"
"1736032130707326545","MOFOXS Caminadora Plegable 2.5HP, Velocidad Ajustable 1-10 km/h, Operación Silenciosa, Amortiguación Profesional, Diseño Compacto, Soporta 135 kg, Ideal para Adelgazar en Casa y Oficina","MX$2,699.10","MOFOXS","https://affiliate.tiktok.com/api/v1/share/ALT0HrHB4FYo","https://p16-oec-sg.ibyteimg.com/tos-alisg-i-aphluv4xwc-sg/0687c859245d48e8bd25e3667ca45ea1~tplv-aphluv4xwc-resize-jpeg:600:600.jpeg?dr=15584&from=520841845&idc=my&ps=933b5bde&shcp=9f007bb8&shp=1f0b6a75&t=555f072d","MOFOXS","7.00%","运动健身"
"1736032268602017361","MOFOXS Caminadora Eléctrica sin Reposabrazos 2.5HP, Velocidad 1-10 km/h, Diseño Compacto, Plegable y Silencioso, Capacidad 135 kg, Ideal para Oficina y Hogar","MX$2,159.00","MOFOXS","https://affiliate.tiktok.com/api/v1/share/ALT0INBHD2mK","https://p16-oec-sg.ibyteimg.com/tos-alisg-i-aphluv4xwc-sg/254d7521af154a67b9bff07c750f9e6b~tplv-aphluv4xwc-resize-jpeg:600:600.jpeg?dr=15584&from=520841845&idc=my&ps=933b5bde&shcp=9f007bb8&shp=1f0b6a75&t=555f072d","MOFOXS","7.00%","运动健身"
"1736032543550768721","Caminadora Eléctrica GT8 Plegable 3.0HP, 1-12 km/h, Inclinación Manual 6°, Capacidad 160 kg, Pantalla LED, 12 Programas para Casa","MX$4,098.00-$4,198.00","MOFOXS","https://affiliate.tiktok.com/api/v1/share/ALT0GEPyaVEh","https://p16-oec-sg.ibyteimg.com/tos-alisg-i-aphluv4xwc-sg/e287a20238f54ae4aa3743cbae2db331~tplv-aphluv4xwc-resize-jpeg:600:600.jpeg?dr=15584&from=520841845&idc=my&ps=933b5bde&shcp=9f007bb8&shp=1f0b6a75&t=555f072d","MOFOXS","7.00%","运动健身"
"1736601559844160745","Vasos Vikingos y Dragones, Tazas Cerveceras Decorativas 550ml, Interior Acero Inoxidable 304, Resina Premium, Vaso Medieval para Bar, Fiestas y Regalos para Hombres","MX$169.00-$209.00","VasoLoco","https://affiliate.tiktok.com/api/v1/share/ALTeIv2NqiTc","https://p16-oec-sg.ibyteimg.com/tos-alisg-i-aphluv4xwc-sg/22c129e7a0dc4c20b2a1548ef4187c2c~tplv-aphluv4xwc-resize-jpeg:600:600.jpeg?dr=15584&from=520841845&idc=my&ps=933b5bde&shcp=9f007bb8&shp=1f0b6a75&t=555f072d","VasoLoco","11.00%","居家日用"
"1736886064725525737","【Edición limitada Día de Muertos 】Vaso Térmico Tumbler 40oz Acero Inoxidable Con Asa Diseño Calavera Tatuaje California Soul Aislante al Vacío para Auto Viaje","MX$149.00","VasoLoco","https://affiliate.tiktok.com/api/v1/share/ALTeNNP8OTWx","https://p16-oec-sg.ibyteimg.com/tos-alisg-i-aphluv4xwc-sg/39474300bbe34cfebafb1e3c05642e11~tplv-aphluv4xwc-resize-jpeg:600:600.jpeg?dr=15584&from=520841845&idc=my&ps=933b5bde&shcp=9f007bb8&shp=1f0b6a75&t=555f072d","VasoLoco","11.00%","居家日用"
"1736926870319105257","Copa de Dragón Estilo Medieval 170ml, cáliz con diseño de espada, regalo original para coleccionistas, ideal para halloween y reuniones","MX$136.94-$143.10","VasoLoco","https://affiliate.tiktok.com/api/v1/share/ALTeIv2O7lZo","https://p16-oec-sg.ibyteimg.com/tos-alisg-i-aphluv4xwc-sg/170ee0799adf4c86855e6fbc2ae1605c~tplv-aphluv4xwc-resize-jpeg:600:600.jpeg?dr=15584&from=520841845&idc=my&ps=933b5bde&shcp=9f007bb8&shp=1f0b6a75&t=555f072d","VasoLoco","11.00%","居家日用"
"1731760894627186738","Ayvanna Rever - Polvo Mate Impermeable - Control de grasa de larga duración, cobertura perfecta, acabado mate y ligero, dura todo el día sin marcas-1","MX$152.10","Ayvanna Rever","https://affiliate.tiktok.com/api/v1/share/ALTgQLzycwUh","https://p16-oec-va.ibyteimg.com/tos-maliva-i-o3syd03w52-us/38217cad31d343df8cb99cad54529069~tplv-o3syd03w52-resize-jpeg:600:600.jpeg?dr=15584&from=520841845&idc=my&ps=933b5bde&shcp=9f007bb8&shp=1f0b6a75&t=555f072d","Ayvanna Rever","10.00%","美妆个护"
"1732668921947325490","Ayvanna Rever Puff Algodón Air-Cushion Suave como algodón Rebote elástico No absorbe base Ahorra maquillaje Cobertura 360° sin huecos Herramienta de maquillaje multifuncional","MX$35.10-$89.10","Ayvanna Rever","https://affiliate.tiktok.com/api/v1/share/ALTgSzPcwhF0","https://p16-oec-sg.ibyteimg.com/tos-alisg-i-aphluv4xwc-sg/abe45a408b324036a175504811f42293~tplv-aphluv4xwc-resize-jpeg:600:600.jpeg?dr=15584&from=520841845&idc=my&ps=933b5bde&shcp=9f007bb8&shp=1f0b6a75&t=555f072d","Ayvanna Rever","10.00%","美妆个护"
"1732912802465350706","Ayvanna Rever Base de Maquillaje Mate 24h SPF 30 PA+++ Larga duración, controla la grasa, mantiene el color y refresca la piel, ideal para pieles grasas, acabado natural y saludable, sin retoques todo el día-2","MX$125.10","Ayvanna Rever","https://affiliate.tiktok.com/api/v1/share/ALTgQMH32IYG","https://p16-oec-sg.ibyteimg.com/tos-alisg-i-aphluv4xwc-sg/d9cae5ccf1874af8907019d2e9b68e35~tplv-aphluv4xwc-resize-jpeg:600:600.jpeg?dr=15584&from=520841845&idc=my&ps=933b5bde&shcp=9f007bb8&shp=1f0b6a75&t=555f072d","Ayvanna Rever","10.00%","美妆个护"
"1735821510626935858","AYVANNA RÊVER Desmaquillante Bifásico Facial Agua Micelar Limpiador Profundo Hidratante para Todo Tipo de Piel","MX$107.10-$219.00","Ayvanna Rever","https://affiliate.tiktok.com/api/v1/share/ALTgQM00YITm","https://p16-oec-sg.ibyteimg.com/tos-alisg-i-aphluv4xwc-sg/c87f9e914f374f77bb40f0a5f44fbf45~tplv-aphluv4xwc-resize-jpeg:600:600.jpeg?dr=15584&from=520841845&idc=my&ps=933b5bde&shcp=9f007bb8&shp=1f0b6a75&t=555f072d","Ayvanna Rever","10.00%","美妆个护"
"1735824419481093170","Ayvanna Réver Colormate Labial Líquido 8H Color Mate de Larga Duración 8 Tonos Ligero y Cómodo A Prueba de Agua Labial Líquido Mate de Larga Duración","MX$89.10","Ayvanna Rever","https://affiliate.tiktok.com/api/v1/share/ALTgSzPdDvWk","https://p16-oec-sg.ibyteimg.com/tos-alisg-i-aphluv4xwc-sg/f7030e3df20349dea2026e706be2efdb~tplv-aphluv4xwc-resize-jpeg:600:600.jpeg?dr=15584&from=520841845&idc=my&ps=933b5bde&shcp=9f007bb8&shp=1f0b6a75&t=555f072d","Ayvanna Rever","10.00%","美妆个护"
"1737460202995418162","Ayvanna Rever Bálsamo Labial Sólido Efecto Espejo - Brillo Intenso y Volumen, Hidratación Duradera, No Pegajoso, Aplicación Precisa, Textura Sólida y Fácil de Aplicar","MX$99.00","Ayvanna Rever","https://affiliate.tiktok.com/api/v1/share/ALTgQNFkic4y","https://p16-oec-sg.ibyteimg.com/tos-alisg-i-aphluv4xwc-sg/cc8b28de266a448c962debfc7ae7b91a~tplv-aphluv4xwc-resize-jpeg:600:600.jpeg?dr=15584&from=520841845&idc=my&ps=933b5bde&shcp=9f007bb8&shp=1f0b6a75&t=555f072d","Ayvanna Rever","10.00%","美妆个护"
"1736820585151694692","Sujetador sin tirantes con cierre frontal antideslizante y efecto push-up, 7 formas de uso, sujetador tubo sin costuras con soporte completo para vestidos de verano y tops sin hombros.","MX$299.99-$599.98","MielAmor","https://affiliate.tiktok.com/api/v1/share/ALUp68ZuNa4f","https://p16-oec-va.ibyteimg.com/tos-maliva-i-o3syd03w52-us/e9a35d5cd9124f91b379558261ea274a~tplv-o3syd03w52-resize-jpeg:600:600.jpeg?dr=15584&from=520841845&idc=my&ps=933b5bde&shcp=9f007bb8&shp=1f0b6a75&t=555f072d","MielAmor","7.00%","服饰内睡"
"1737338406241470308","Sujetador de talla grande para mujer con escote en V profundo, sin forro, con aros, de corte bajo y tirantes ajustables, lencería ligera y suave para uso diario.","MX$199.99","MielAmor","https://affiliate.tiktok.com/api/v1/share/ALUp4GL8PlUQ","https://p16-oec-va.ibyteimg.com/tos-maliva-i-o3syd03w52-us/4d8a2850e7c8414187ef22ba27635499~tplv-o3syd03w52-resize-jpeg:600:600.jpeg?dr=15584&from=520841845&idc=my&ps=933b5bde&shcp=9f007bb8&shp=1f0b6a75&t=555f072d","MielAmor","7.00%","服饰内睡"
"1737387548741699428","MielAmor Brasier de encaje bordado con paneles laterales de malla para mujer, 2 tipos de copa, realce y soporte, tallas de copa A a DD","MX$229.99","MielAmor","https://affiliate.tiktok.com/api/v1/share/ALUp68LRf1ia","https://p16-oec-sg.ibyteimg.com/tos-alisg-i-aphluv4xwc-sg/f33d5b783d864d039f5525aaf34aa50a~tplv-aphluv4xwc-resize-jpeg:600:600.jpeg?dr=15584&from=520841845&idc=my&ps=933b5bde&shcp=9f007bb8&shp=1f0b6a75&t=555f072d","MielAmor","7.00%","服饰内睡"
"1732939933177775906","Árbol de Navidad | Pino Navideño | arbolito de Navidad Artificial Frondoso | Base de Metal | 1200 Ramas PVC | Decoración Navideña | mi arbol de navidad | pinos de navidad grandes","MX$583.56-$1,288.90","BALLENA MÁGICA MX","https://affiliate.tiktok.com/api/v1/share/ALUrSu2Cvf0F","https://p16-oec-sg.ibyteimg.com/tos-alisg-i-aphluv4xwc-sg/5f496bf1de9f460ebb513eecb1ce8f6c~tplv-aphluv4xwc-resize-jpeg:600:600.jpeg?dr=15584&from=520841845&idc=my&ps=933b5bde&shcp=9f007bb8&shp=1f0b6a75&t=555f072d","BALLENA MÁGICA MX","7.00%","居家日用"
"1736059407946385204","Pantalones casuales de mujer de pierna ancha con estampado de leopardo y bolsillos de parche animales","MX$115.71","YM ropas","https://affiliate.tiktok.com/api/v1/share/ALV6YaknMdjk","https://p16-oec-sg.ibyteimg.com/tos-alisg-i-aphluv4xwc-sg/ab7e3af9ee124f6f8f8b9d6f470cb836~tplv-aphluv4xwc-resize-jpeg:600:600.jpeg?dr=15584&from=520841845&idc=my&ps=933b5bde&shcp=9f007bb8&shp=1f0b6a75&t=555f072d","YM ropas","10.00%","服饰内睡"
"1737154937945622324","YM Pantalón Palazzo para Mujer de Pierna Ancha Cintura Elástica con Cordón Suave y Cómodo para Uso Diario Tela de Alta Calidad","MX$179.00","YM ropas","https://affiliate.tiktok.com/api/v1/share/ALV6aQb1LFcM","https://p16-oec-sg.ibyteimg.com/tos-alisg-i-aphluv4xwc-sg/be858cf2993245a68edc444dfc8e5347~tplv-aphluv4xwc-resize-jpeg:600:600.jpeg?dr=15584&from=520841845&idc=my&ps=933b5bde&shcp=9f007bb8&shp=1f0b6a75&t=555f072d","YM ropas","10.00%","服饰内睡"
"1737154973268018996","YM Novedades de otoño Pantalón Casual para Mujer con Forro Térmico Pierna Ancha Cintura Elástica con Cordón Suave y Cálido para Otoño e Invierno Tela Suave y Calidad Máxima Comodidad","MX$179.00","YM ropas","https://affiliate.tiktok.com/api/v1/share/ALV6YakndmIi","https://p16-oec-sg.ibyteimg.com/tos-alisg-i-aphluv4xwc-sg/22bee211fe1f44f3a21d543af5dc10e0~tplv-aphluv4xwc-resize-jpeg:600:600.jpeg?dr=15584&from=520841845&idc=my&ps=933b5bde&shcp=9f007bb8&shp=1f0b6a75&t=555f072d","YM ropas","10.00%","服饰内睡"
"1737228001423034164","YM Pantalones casualesde verano para mujer, estilo direccional, color liso, con cordonajustable, faciles y modernos, ideales para uso diario","MX$176.00","YM ropas","https://affiliate.tiktok.com/api/v1/share/ALV6aQb1cYWf","https://p16-oec-sg.ibyteimg.com/tos-alisg-i-aphluv4xwc-sg/6ed6f1743eaa45d09116fb7dca3ffbe9~tplv-aphluv4xwc-resize-jpeg:600:600.jpeg?dr=15584&from=520841845&idc=my&ps=933b5bde&shcp=9f007bb8&shp=1f0b6a75&t=555f072d","YM ropas","10.00%","服饰内睡"
"1737456654254901044","Pantalones largos de algodón, novedad para otoño/invierno, modernos y a la moda, adecuados para el sector empresarial informal, con forro grueso, un producto versátil apto para el uso diario, con un acabado liso, diseño sencillo y gran resistencia al frío","MX$279.00","YM ropas","https://affiliate.tiktok.com/api/v1/share/ALV6Yaknuh6u","https://p16-oec-sg.ibyteimg.com/tos-alisg-i-aphluv4xwc-sg/4c220a54cc5443a79d257b5e911b39bf~tplv-aphluv4xwc-resize-jpeg:600:600.jpeg?dr=15584&from=520841845&idc=my&ps=933b5bde&shcp=9f007bb8&shp=1f0b6a75&t=555f072d","YM ropas","10.00%","服饰内睡"
"1736248595321423668","Pantalón Palazzo Mujer Pierna Ancha Cintura Elástica Cordón Borlas Estampado Rayas Tela Ligera para Playa Vacaciones Uso Diario Cómodo y Versátil","MX$159.60","YM ropas","https://affiliate.tiktok.com/api/v1/share/ALV764jsObs7","https://p16-oec-sg.ibyteimg.com/tos-alisg-i-aphluv4xwc-sg/18e0e2bb9e2d429398cbbb012c14198c~tplv-aphluv4xwc-resize-jpeg:600:600.jpeg?dr=15584&from=520841845&idc=my&ps=933b5bde&shcp=9f007bb8&shp=1f0b6a75&t=555f072d","YM ropas","12.00%","服饰内睡"
"1736180577818412852","Pantalones Mujer Pierna Ancha Estampado Floral Vintage Cintura Elástica con Cordón Holgado Transpirable con Bolsillos Laterales para Casa y Salidas Casuales en 6 Colores Beige Gris Lila Marrón Negro Verde CAFE","MX$154.69","YM ropas","https://affiliate.tiktok.com/api/v1/share/ALV78DAvAcIj","https://p16-oec-sg.ibyteimg.com/tos-alisg-i-aphluv4xwc-sg/0494334543a54d94a92a05d0a1e277c2~tplv-aphluv4xwc-resize-jpeg:600:600.jpeg?dr=15584&from=520841845&idc=my&ps=933b5bde&shcp=9f007bb8&shp=1f0b6a75&t=555f072d","YM ropas","12.00%","服饰内睡"
"1735991766212249347","Secadora de Cabello Laifen SE Lite｜110 000 RPM 1400W, secado rápido en 1min, ideal cabello largo y grueso, uso diario/viajes morado, control encrespado, 2 velocidades‑4 temperaturas, iones negativos contra daño por calor","MX$1,399.00","Laifen MX","https://affiliate.tiktok.com/api/v1/share/ALVGbJFKVcpP","https://p16-oec-sg.ibyteimg.com/tos-alisg-i-aphluv4xwc-sg/f84627668b634b5f98583e181981461f~tplv-aphluv4xwc-resize-jpeg:600:600.jpeg?dr=15584&from=520841845&idc=my&ps=933b5bde&shcp=9f007bb8&shp=1f0b6a75&t=555f072d","Laifen MX","7.00%","美妆个护"
"1737466230518482720","Labial hidratante Abcify Efecto agua de larga duración con hialuronato de sodio, mantiene tus labios hidratados todo el día","MX$109.00","abcify.Mexico","https://affiliate.tiktok.com/api/v1/share/ALVX2OciwzaV","https://p16-oec-sg.ibyteimg.com/tos-alisg-i-aphluv4xwc-sg/c3f648d03a624d0fabb615b2b9aa5c2e~tplv-aphluv4xwc-resize-jpeg:600:600.jpeg?dr=15584&from=520841845&idc=my&ps=933b5bde&shcp=9f007bb8&shp=1f0b6a75&t=555f072d","abcify.Mexico","16.00%","美妆个护"
"1737462180648683296","Abcify Labial Mate Líquido, Color Intenso Rosa Nude, Efecto Terciopelo con Ácido Hialurónico y Vitamina E, Larga Duración","MX$109.00","abcify.Mexico","https://affiliate.tiktok.com/api/v1/share/ALVX1macavW9","https://p16-oec-sg.ibyteimg.com/tos-alisg-i-aphluv4xwc-sg/c0773c0049c84bd2a4552fe99d0f2fa4~tplv-aphluv4xwc-resize-jpeg:600:600.jpeg?dr=15584&from=520841845&idc=my&ps=933b5bde&shcp=9f007bb8&shp=1f0b6a75&t=555f072d","abcify.Mexico","16.00%","美妆个护"
"1731469952219120648","Gorgeous Olivia - Pestañas Autoadhesivas Press-On 10-16 mm, Extensiones DIY Naturales y Rizadas, Fáciles para Principiantes, con Pinzas Antiadherentes, Sin Necesidad de Pegamento, Hipoalergénicas, Duración de 24 Horas","MX$199.00","GORGEOUS OLIVIA-MX","https://affiliate.tiktok.com/api/v1/share/ALVbXyzLQiVK","https://p16-oec-sg.ibyteimg.com/tos-alisg-i-aphluv4xwc-sg/cb8dfb125f754b59be08dd867479383a~tplv-aphluv4xwc-resize-jpeg:600:600.jpeg?dr=15584&from=520841845&idc=my&ps=933b5bde&shcp=9f007bb8&shp=1f0b6a75&t=555f072d","GORGEOUS OLIVIA-MX","11.00%","美妆个护"
"1732001020719957000","Gorgeous Olivia - Kit de Pestañas en Racimos Autoadhesivas 0.03 mm Aetherwisp Lashes, Resistente al Agua y Reutilizable, para Principiantes y Maquillaje Diario","MX$199.00","GORGEOUS OLIVIA-MX","https://affiliate.tiktok.com/api/v1/share/ALVbSMpI33xq","https://p16-oec-sg.ibyteimg.com/tos-alisg-i-aphluv4xwc-sg/649ee942d4814d449c4525ddb31b4247~tplv-aphluv4xwc-resize-jpeg:600:600.jpeg?dr=15584&from=520841845&idc=my&ps=933b5bde&shcp=9f007bb8&shp=1f0b6a75&t=555f072d","GORGEOUS OLIVIA-MX","11.00%","美妆个护"
"1732091510951609352","GORGEOUS OLIVIA Barra de Labios que Cambia de Color y Resiste Transferencias – Larga Duración, Hidratante, Cambio de Color Sensible a la Temperatura, 3.7g, Sin Alcohol, Ideal como Regalo Combinado – Hidratación Radiante, Brillo Labial Cosmético de Lujo","MX$188.00","GORGEOUS OLIVIA-MX","https://affiliate.tiktok.com/api/v1/share/ALVbXyzLyoaV","https://p16-oec-sg.ibyteimg.com/tos-alisg-i-aphluv4xwc-sg/72872d88bbfe4a18846dc06f03b71338~tplv-aphluv4xwc-resize-jpeg:600:600.jpeg?dr=15584&from=520841845&idc=my&ps=933b5bde&shcp=9f007bb8&shp=1f0b6a75&t=555f072d","GORGEOUS OLIVIA-MX","11.00%","美妆个护"
"1732149042872878088","GORGEOUS OLIVIA Kit de Pestañas Ultrafinas de 0.03mm — 144 Piezas de Extensiones de 9 a 16mm, Curvatura D, Adhesión y Fijación de hasta 96 Horas, Incluye Removedor y Pinza Antiadherente para Aplicación Precisa. Ideal para Agrandar la Mirada.","MX$249.00","GORGEOUS OLIVIA-MX","https://affiliate.tiktok.com/api/v1/share/ALVbSMpIK46m","https://p16-oec-sg.ibyteimg.com/tos-alisg-i-aphluv4xwc-sg/e181b7b742904c35b5f3c48cb3b5b3c0~tplv-aphluv4xwc-resize-jpeg:600:600.jpeg?dr=15584&from=520841845&idc=my&ps=933b5bde&shcp=9f007bb8&shp=1f0b6a75&t=555f072d","GORGEOUS OLIVIA-MX","11.00%","美妆个护"
"1732272050071569416","GORGEOUS OLIVIA Kit de Pestañas Ultrafinas de — 144 Piezas de Extensiones de 8 a 16mm, Curvatura D, Adhesión y Fijación de hasta 96 Horas, Incluye Removedor y Pinza Antiadherente para Aplicación Precisa. Ideal para Agrandar la Mirada.","MX$249.00","GORGEOUS OLIVIA-MX","https://affiliate.tiktok.com/api/v1/share/ALVbXyzMnxZz","https://p16-oec-sg.ibyteimg.com/tos-alisg-i-aphluv4xwc-sg/f74a576a7bc54529acb9064df109ca39~tplv-aphluv4xwc-resize-jpeg:600:600.jpeg?dr=15584&from=520841845&idc=my&ps=933b5bde&shcp=9f007bb8&shp=1f0b6a75&t=555f072d","GORGEOUS OLIVIA-MX","11.00%","美妆个护"
"1732630534366397448","GORGEOUS OLIVIA Máscara de Pestañas 24H | Alta Temperatura | Negro Intenso | Sin Grumos | Vitamina E","MX$159.00-$298.00","GORGEOUS OLIVIA-MX","https://affiliate.tiktok.com/api/v1/share/ALVbSMpIbJqE","https://p16-oec-sg.ibyteimg.com/tos-alisg-i-aphluv4xwc-sg/9b5c5e2fd2b64a23bdc5061ce3e3b24b~tplv-aphluv4xwc-resize-jpeg:600:600.jpeg?dr=15584&from=520841845&idc=my&ps=933b5bde&shcp=9f007bb8&shp=1f0b6a75&t=555f072d","GORGEOUS OLIVIA-MX","11.00%","美妆个护"
"1733853220555031560","GORGEOUS OLIVIA Pestañas 3D sin pegamento Efecto 3D natural y esponjoso · Realistas incluso de cerca 10–16 mm · Solo 3 grupos para crear un ojo completo Fórmula hipoalergénica · Duración de hasta 48 horas","MX$219.00-$577.00","GORGEOUS OLIVIA-MX","https://affiliate.tiktok.com/api/v1/share/ALVbXyzN550m","https://p16-oec-sg.ibyteimg.com/tos-alisg-i-aphluv4xwc-sg/d18537e1378f45c496e044bc371ab41b~tplv-aphluv4xwc-resize-jpeg:600:600.jpeg?dr=15584&from=520841845&idc=my&ps=933b5bde&shcp=9f007bb8&shp=1f0b6a75&t=555f072d","GORGEOUS OLIVIA-MX","11.00%","美妆个护"
"1734842700833915912","Gorgeous Olivia Ruby, Black Onyx y Moonstone Pestañas Autoadhesivas de Una Sola Medida, Naturales, Sin Pegamento y Fáciles para Principiantes","MX$199.00","GORGEOUS OLIVIA-MX","https://affiliate.tiktok.com/api/v1/share/ALVbSMpIsAkd","https://p16-oec-sg.ibyteimg.com/tos-alisg-i-aphluv4xwc-sg/ccb6a55070aa4bf693474f64999db618~tplv-aphluv4xwc-resize-jpeg:600:600.jpeg?dr=15584&from=520841845&idc=my&ps=933b5bde&shcp=9f007bb8&shp=1f0b6a75&t=555f072d","GORGEOUS OLIVIA-MX","11.00%","美妆个护"
"1735048353794393096","Gorgeous Olivia Pestañas Autoadhesivas con Ambiente de Fiesta Futbolera Ruby Negro de Diario + Tricolor Verde Blanco Rojo 10-16 mm con Pinza Antiadherente Duración 24H Hipoalergénicas","MX$99.00","GORGEOUS OLIVIA-MX","https://affiliate.tiktok.com/api/v1/share/ALVbXyzPYMy1","https://p16-oec-sg.ibyteimg.com/tos-alisg-i-aphluv4xwc-sg/555492241a5a4d019ef2e897c164aec1~tplv-aphluv4xwc-resize-jpeg:600:600.jpeg?dr=15584&from=520841845&idc=my&ps=933b5bde&shcp=9f007bb8&shp=1f0b6a75&t=555f072d","GORGEOUS OLIVIA-MX","11.00%","美妆个护"
"1735340918141584392","GORGEOUS OLIVIA Serie Cacao – Pestañas Autoadhesivas Marrones Sin Pegamento, Look Natural y Suave, Efecto Extensión DIY, Fáciles de Aplicar para Uso Diario, Incluye Pinzas","MX$249.00-$1,345.00","GORGEOUS OLIVIA-MX","https://affiliate.tiktok.com/api/v1/share/ALVbSMpLLncA","https://p16-oec-sg.ibyteimg.com/tos-alisg-i-aphluv4xwc-sg/9fb95ac2ef46418c9d2bb6681e1992ad~tplv-aphluv4xwc-resize-jpeg:600:600.jpeg?dr=15584&from=520841845&idc=my&ps=933b5bde&shcp=9f007bb8&shp=1f0b6a75&t=555f072d","GORGEOUS OLIVIA-MX","11.00%","美妆个护"
"1736026234217137160","GORGEOUS OLIVIA Pestañas Autoadhesivas 0.03 mm Pack Portátil, Para Llevar en la Bolsa y Retocar Cuando Quieras, Sin Pegamento, Rizo D Natural, 10-16 mm, Resistentes al Agua y Sudor, Duración 24H","MX$169.00","GORGEOUS OLIVIA-MX","https://affiliate.tiktok.com/api/v1/share/ALVbXyzPpR5Q","https://p16-oec-sg.ibyteimg.com/tos-alisg-i-aphluv4xwc-sg/0246e98957924629907494346b8c73f2~tplv-aphluv4xwc-resize-jpeg:600:600.jpeg?dr=15584&from=520841845&idc=my&ps=933b5bde&shcp=9f007bb8&shp=1f0b6a75&t=555f072d","GORGEOUS OLIVIA-MX","11.00%","美妆个护"
"1736201096470496264","Gorgeous Olivia Ruby, Black Onyx y Moonstone, pestañas autoadhesivas portátiles, efecto natural y rizado tipo extensión DIY, fáciles para principiantes, con pinzas antiadherentes, sin pegamento, hipoalergénicas y con duración de 24 horas.","MX$169.00","GORGEOUS OLIVIA-MX","https://affiliate.tiktok.com/api/v1/share/ALVbSMpMAvC7","https://p16-oec-sg.ibyteimg.com/tos-alisg-i-aphluv4xwc-sg/dcd97a9053484441bb92a55bf6333558~tplv-aphluv4xwc-resize-jpeg:600:600.jpeg?dr=15584&from=520841845&idc=my&ps=933b5bde&shcp=9f007bb8&shp=1f0b6a75&t=555f072d","GORGEOUS OLIVIA-MX","11.00%","美妆个护"
"1736469006362641416","Gorgeous Olivia - Pack Combinado de Pestañas Autoadhesivas Press-On de 10-16 mm, Extensiones DIY Naturales y Rizadas, Fáciles para Principiantes, con Pinzas Antiadherentes, Sin Pegamento, Duración de 24 Horas","MX$388.00-$995.00","GORGEOUS OLIVIA-MX","https://affiliate.tiktok.com/api/v1/share/ALVbXyzQ6TAi","https://p16-oec-sg.ibyteimg.com/tos-alisg-i-aphluv4xwc-sg/a1f1ccbedf9e46e2b61ffced3895fe67~tplv-aphluv4xwc-resize-jpeg:600:600.jpeg?dr=15584&from=520841845&idc=my&ps=933b5bde&shcp=9f007bb8&shp=1f0b6a75&t=555f072d","GORGEOUS OLIVIA-MX","11.00%","美妆个护"
"1736927054000391176","GORGEOUS OLIVIA Rizador y Enchinador de Pestañas con Resorte, Curva Ancha, Almohadilla Suave para Principiantes, Incluye 2 Repuestos","MX$149.00","GORGEOUS OLIVIA-MX","https://affiliate.tiktok.com/api/v1/share/ALVbSMpMRnBb","https://p16-oec-sg.ibyteimg.com/tos-alisg-i-aphluv4xwc-sg/1cc676231da046f49a41088c830544b0~tplv-aphluv4xwc-resize-jpeg:600:600.jpeg?dr=15584&from=520841845&idc=my&ps=933b5bde&shcp=9f007bb8&shp=1f0b6a75&t=555f072d","GORGEOUS OLIVIA-MX","11.00%","美妆个护"
"1731841217720189960","Aceite de Argán + Proteína de Trigo + Colágeno | Tratamiento Capilar 3 en 1 | Nutre, Repara y Fortalece el Cabello","MX$159.00","GORGEOUS OLIVIA-MX","https://affiliate.tiktok.com/api/v1/share/ALVbcuJlGF5x","https://p16-oec-sg.ibyteimg.com/tos-alisg-i-aphluv4xwc-sg/9c6da4cb4e5a49ee85a1cf84ce7ab113~tplv-aphluv4xwc-resize-jpeg:600:600.jpeg?dr=15584&from=520841845&idc=my&ps=933b5bde&shcp=9f007bb8&shp=1f0b6a75&t=555f072d","GORGEOUS OLIVIA-MX","11.00%","美妆个护"
